transfer_id,source_domain,target_domain,source_mechanism,target_application,source_global_claim_ids,target_global_claim_ids,shared_physical_variables,shared_dimensionless_parameters,shared_time_scales,shared_length_scales,condition_similarity,direct_evidence_available,transfer_status,transfer_confidence,main_assumptions,main_breakdown_risks,knowledge_gap_ids,notes
TR-001,B underexpanded-jet library,C canonical shock-droplet library,"Mach-disk and shock-cell gas-state change","droplet loading magnitude and duration",GC-0006;GC-0007;GC-0012;GC-0014,GC-0016;GC-0017;GC-0020,"local pressure; density; velocity; pressure jump; velocity jump","local Mach; incident/post-shock Mach; We; Re","shock motion; expansion-wave arrival; shocked-state exposure","Mach-disk distance; shock-cell scale; droplet diameter",partial,no,physically_plausible,moderate,"B-library fields can be sampled at a droplet location and converted using condition-matched gas properties and reference frames.","No co-located droplet exposure; jet shocks are spatially nonuniform and transient; pressure and Mach definitions differ.",KG-001;KG-004;KG-005,qualitative_bridge
TR-002,B underexpanded-jet library,A HPDI pilot spray,"underexpanded-jet shock topology","actual pilot-spray local aerodynamic loading",GC-0007;GC-0012;GC-0013;GC-0014;GC-0036;GC-0052,GC-0052,"p(x,t); rho(x,t); u(x,t); shock position; injection chronology","contextual NPR; local Mach; candidate We","injector opening; shock-cell motion; pilot injection events","nozzle diameter; injector spacing; pilot droplet size",low,no,not_validated,low,"Gas-jet and pilot-spray states coexist with known geometry and synchronized timing.","No direct HPDI spatial-temporal mapping; multiphase feedback and hot dense ambient may suppress or reshape shocks.",KG-001;KG-004,Central M03/M11 transfer audit T1.
TR-003,C isolated-droplet library,A HPDI pilot spray,"single-droplet deformation and instability","polydisperse pilot-spray breakup",GC-0016;GC-0017;GC-0019;GC-0020;GC-0021;GC-0030,GC-0052,"pressure/velocity loading; d0; liquid properties","We; Re; Oh; Mach context; density ratio","loading duration; deformation time; breakup time","d0; fragment size",low,no,not_validated,low,"Each spray droplet experiences a locally equivalent isolated-droplet loading history.","Polydispersity, shielding, wakes, turbulence, collisions, phase change, and reaction invalidate independent-droplet behavior.",KG-002;KG-005,Transfer audit T2.
TR-004,C ordered-droplet and cloud library,A HPDI pilot spray,"shielding, squeeze flow, channel closure, and shock attenuation","dense pilot-spray collective response",GC-0022;GC-0028,GC-0052,"spacing; volume fraction; droplet size; transmitted pressure","S/D; We; volume fraction; density ratio","shock transit; breakup; cloud response","droplet spacing; cloud length; d0",partial,no,analogue_only,moderate,"Ordered/dilute mechanisms identify the directions of collective corrections relevant to a spray.","Real HPDI distributions are disordered, dense, turbulent, polydisperse, evaporating, and reacting.",KG-002;KG-006,"Mechanistically informative but not quantitatively transferable."
TR-005,C breakup/phase-change library,A HPDI mixture formation,"fragmentation and evaporation coupling","mixture-field redistribution before ignition",GC-0023;GC-0024;GC-0025;GC-0026;GC-0027;GC-0029;GC-0053,GC-0001;GC-0002;GC-0004;GC-0053,"fragment size; surface area; evaporation rate; transport velocity","We; Oh; density ratio; thermal/phase-change descriptors","breakup; evaporation; residence; ignition delay","fragment size; evaporation length; chamber mixing scale",low,no,not_validated,low,"Shock-induced fragment changes survive transport and materially change local vapor composition before ignition.","No condition-matched continuous measurement; thermal state and volatility can reverse coupling; walls and turbulence dominate redistribution.",KG-003;KG-006;KG-007;KG-009,Transfer audit T3.
TR-006,D detonation/RDE library,A HPDI,"strong-wave droplet loading and characteristic-scale coupling","bounded strong-wave analogue for pilot droplets and ignition",GC-0032;GC-0033;GC-0034;GC-0035,GC-0053,"wave strength; post-wave state; droplet size; evaporation length","Mach context; We; L_E/L_D or other typed scale ratio","wave passage; reaction; refill/residence; evaporation","droplet size; reaction zone; refill zone; injector/chamber scales",low,no,analogue_only,low,"A nondimensional map can preserve the dominant loading and characteristic-scale ordering.","Reacting post-wave thermochemistry, geometry, repeated waves, and residence scales differ fundamentally from HPDI.",KG-008,Transfer audit T4; RDE is not substitute evidence.
TR-007,C inert-shock droplet library,D detonation droplet library,"shock-driven deformation/breakup scaling","droplet response under a reacting post-wave history",GC-0017;GC-0021;GC-0024,GC-0034;GC-0035,"leading-shock strength; post-wave velocity; d0; liquid properties","incident Mach; We; Re; Oh","loading duration; cavitation; breakup time","d0; ligament/fragment scale",partial,yes,partially_validated,moderate,"Matched leading-shock conditions provide a controlled comparison if post-wave history is retained separately.","Equal leading Mach does not imply equal velocity, pressure gradient, heat release, sound speed, or loading duration.",KG-005;KG-008,"Directional trends may transfer; correlation coefficients may not."
TR-008,B gas-jet library,A high-pressure gaseous direct injection,"pressure history to developing underexpanded jet","engine-relevant underexpanded-jet formation",GC-0007;GC-0009;GC-0010;GC-0036;GC-0050,GC-0003;GC-0052,"injection pressure; ambient pressure; rate ramp; nozzle geometry","contextual NPR; jet Mach","valve opening; pressure build-up; injection timing","nozzle diameter; chamber length",partial,limited,partially_validated,moderate,"The gas injector reaches a choked/underexpanded state under compatible pressure and ambient conditions.","Direct HPDI-resolved formation evidence is incomplete and pilot-liquid interaction changes the local field.",KG-001;KG-004,"M01 transfer is stronger than the downstream local-loading transfer."
TR-009,C/D small-droplet strong-wave library,A HPDI,"overlapping breakup and evaporation scales","possible acceleration of pilot vapor availability",GC-0024;GC-0032;GC-0034,GC-0001;GC-0002;GC-0053,"d0; fragment size; wave strength; thermal state; evaporation rate","We; Mach context; typed characteristic-scale ratios","breakup; evaporation; ignition delay","d0; fragment scale; evaporation length",low,no,physically_plausible,low,"Pilot fragments enter the small-droplet range and remain under a comparable thermal/aerodynamic history.","Fragment distributions, vapor detection, hot dense chamber transport, and ignition coupling are unresolved.",KG-003;KG-006;KG-007,"Project-level cross-scale inference; not an established ignition mechanism."
