paper_id,source_record_id,library,expected_record,current_filename,current_relpath,file_exists,file_size_bytes,page_count,pdf_readable,pdf_status,pdf_match_status,identity_basis,verification_flags,notes
A001,A-NG-01,A,yes,A-NG-01_2007_McTaggartCowan_HighPressureInjection_NaturalGasEngine.pdf,02_PDF_Raw/A/A-NG-01_2007_McTaggartCowan_HighPressureInjection_NaturalGasEngine.pdf,yes,1036464,10,yes,downloaded,matched,source_record_id_filename;front_matter_authors;first_author_front_matter;year_front_matter;doi_pdf,title_not_verified,
A002,A-NG-02,A,yes,A-NG-02_2015_McTaggartCowan_NaturalGasInjection_600Bar_HPDI.pdf,02_PDF_Raw/A/A-NG-02_2015_McTaggartCowan_NaturalGasInjection_600Bar_HPDI.pdf,yes,4498212,16,yes,downloaded,matched,source_record_id_filename;first_author_front_matter;year_front_matter;doi_pdf,title_not_verified,
A003,A-NG-03,A,yes,A-NG-03_2015_Li_Performance_HeatRelease_PilotIgnited_NG.pdf,02_PDF_Raw/A/A-NG-03_2015_Li_Performance_HeatRelease_PilotIgnited_NG.pdf,yes,1324633,10,yes,downloaded,matched,source_record_id_filename;front_matter_title;front_matter_authors;first_author_front_matter;year_front_matter;doi_pdf;title_descriptor_consistent,,
A004,A-NG-04,A,yes,A-NG-04_2015_Zhang_Combustion_Emissions_DirectInjected_NG_PilotDiesel.pdf,02_PDF_Raw/A/A-NG-04_2015_Zhang_Combustion_Emissions_DirectInjected_NG_PilotDiesel.pdf,yes,1179715,12,yes,downloaded,matched,source_record_id_filename;front_matter_title;front_matter_authors;first_author_front_matter;year_front_matter;doi_pdf;title_descriptor_consistent,,
A005,A-NG-05,A,yes,A-NG-05_2016_Mabson_PairedNozzle_Jets_HPDI_NaturalGas.pdf,02_PDF_Raw/A/A-NG-05_2016_Mabson_PairedNozzle_Jets_HPDI_NaturalGas.pdf,yes,3355759,16,yes,downloaded,matched,source_record_id_filename;first_author_front_matter;year_front_matter;doi_pdf,title_not_verified,
A006,A-NG-06,A,yes,A-NG-06_2017_Faghani_InjectionStrategies_SlightlyPremixed_Combustion.pdf,02_PDF_Raw/A/A-NG-06_2017_Faghani_InjectionStrategies_SlightlyPremixed_Combustion.pdf,yes,2405760,14,yes,downloaded,matched,source_record_id_filename;first_author_front_matter;year_front_matter;doi_pdf,title_not_verified,
A007,A-NG-07,A,yes,A-NG-07_2018_Fink_DieselPilot_NGJet_SpatialTemporalInteraction.pdf,02_PDF_Raw/A/A-NG-07_2018_Fink_DieselPilot_NGJet_SpatialTemporalInteraction.pdf,yes,3078270,8,yes,downloaded,matched,source_record_id_filename;front_matter_authors;first_author_front_matter;year_front_matter;doi_pdf,title_not_verified,
A008,A-NG-08,A,yes,A-NG-08_2018_Jud_NumericalAnalysis_DualFuel_DirectInjection_NG.pdf,02_PDF_Raw/A/A-NG-08_2018_Jud_NumericalAnalysis_DualFuel_DirectInjection_NG.pdf,yes,3331778,12,yes,downloaded,matched,source_record_id_filename;embedded_title;embedded_authors;first_author_front_matter;year_front_matter;title_descriptor_consistent,,
A009,A-NG-09,A,yes,A-NG-09_2019_Fink_DieselPiloted_NG_DirectInjection_OperatingConditions.pdf,02_PDF_Raw/A/A-NG-09_2019_Fink_DieselPiloted_NG_DirectInjection_OperatingConditions.pdf,yes,8898067,8,yes,downloaded,matched,source_record_id_filename;embedded_title;front_matter_authors;first_author_front_matter;year_front_matter;doi_pdf;title_descriptor_consistent,,
A010,A-NG-10,A,yes,A-NG-10_2019_Li_PartiallyPremixed_Combustion_DirectInjection_NG.pdf,02_PDF_Raw/A/A-NG-10_2019_Li_PartiallyPremixed_Combustion_DirectInjection_NG.pdf,yes,6367165,17,yes,downloaded,matched,source_record_id_filename;embedded_title;embedded_authors;first_author_front_matter;year_front_matter;doi_pdf;title_descriptor_consistent,,
A011,A-NG-11,A,yes,A-NG-11_2020_Rochussen_ParametricStudy_Optical_HPDI_NG.pdf,02_PDF_Raw/A/A-NG-11_2020_Rochussen_ParametricStudy_Optical_HPDI_NG.pdf,yes,5155476,17,yes,downloaded,matched,source_record_id_filename;embedded_title;front_matter_authors;first_author_front_matter;year_front_matter;doi_pdf,,
A012,A-NG-12,A,yes,A-NG-12_2021_Diepstraten_PilotDiesel_MainNG_Interaction_HPDI.pdf,02_PDF_Raw/A/A-NG-12_2021_Diepstraten_PilotDiesel_MainNG_Interaction_HPDI.pdf,yes,1720094,9,yes,downloaded,matched,source_record_id_filename;embedded_title;embedded_authors;first_author_front_matter;year_front_matter;title_descriptor_consistent,,
A013,A-NG-13,A,yes,A-NG-13_2023_Rochussen_HeatRelease_Emissions_Stratified_PIDING.pdf,02_PDF_Raw/A/A-NG-13_2023_Rochussen_HeatRelease_Emissions_Stratified_PIDING.pdf,yes,2117892,21,yes,downloaded,matched,source_record_id_filename;embedded_title;front_matter_authors;first_author_front_matter;year_front_matter;doi_pdf;title_descriptor_consistent,,
A014,A-NG-14,A,yes,A-NG-14_2023_Rochussen_Optical_StratifiedPremixed_NGDI_Combustion.pdf,02_PDF_Raw/A/A-NG-14_2023_Rochussen_Optical_StratifiedPremixed_NGDI_Combustion.pdf,yes,10283117,24,yes,downloaded,matched,source_record_id_filename;embedded_title;front_matter_authors;first_author_front_matter;year_front_matter;doi_pdf;title_descriptor_consistent,,
A015,A-NG-15,A,yes,A-NG-15_2023_Chen_OperatingParameters_Soot_HPDI_CombustionModes.pdf,02_PDF_Raw/A/A-NG-15_2023_Chen_OperatingParameters_Soot_HPDI_CombustionModes.pdf,yes,7217248,19,yes,downloaded,matched,source_record_id_filename;embedded_title;embedded_authors;first_author_front_matter;year_front_matter;doi_pdf;title_descriptor_consistent,,
A016,A-NG-16,A,yes,A-NG-16_2025_Lian_DieselNG_Interaction_LES_HPDI_DualFuel.pdf,02_PDF_Raw/A/A-NG-16_2025_Lian_DieselNG_Interaction_LES_HPDI_DualFuel.pdf,yes,10018090,14,yes,downloaded,matched,source_record_id_filename;embedded_title;embedded_authors;first_author_front_matter;year_front_matter;doi_pdf;title_descriptor_consistent,,
A017,A-NG-17,A,yes,A-NG-17_2026_Yang_InjectorStructure_InjectionPressure_Commercial_HPDI.pdf,02_PDF_Raw/A/A-NG-17_2026_Yang_InjectorStructure_InjectionPressure_Commercial_HPDI.pdf,yes,13320267,12,yes,downloaded,matched,source_record_id_filename;embedded_title;embedded_authors;first_author_front_matter;year_front_matter;doi_pdf;title_descriptor_consistent,,
A018,A-H2-01,A,yes,A-H2-01_2021_Liu_Performance_Emissions_H2DDI.pdf,02_PDF_Raw/A/A-H2-01_2021_Liu_Performance_Emissions_H2DDI.pdf,yes,2655403,13,yes,downloaded,matched,source_record_id_filename;embedded_title;embedded_authors;first_author_front_matter;year_front_matter;doi_pdf;title_descriptor_consistent,,
A019,A-H2-02,A,yes,A-H2-02_2022_Liu_HydrogenMainFuel_DieselPilot_DirectInjection.pdf,02_PDF_Raw/A/A-H2-02_2022_Liu_HydrogenMainFuel_DieselPilot_DirectInjection.pdf,yes,3993335,13,yes,downloaded,matched,source_record_id_filename;embedded_title;embedded_authors;first_author_front_matter;year_front_matter;doi_pdf;title_descriptor_consistent,,
A020,A-H2-03,A,yes,A-H2-03_2023_Rorimpandey_H2DDI_Combustion_CI_Conditions.pdf,02_PDF_Raw/A/A-H2-03_2023_Rorimpandey_H2DDI_Combustion_CI_Conditions.pdf,yes,8299931,18,yes,downloaded,matched,source_record_id_filename;embedded_title;embedded_authors;first_author_front_matter;year_front_matter;doi_pdf;title_descriptor_consistent,,
A021,A-H2-04,A,yes,A-H2-04_2024_Rorimpandey_EnergyShare_AmbientOxygen_H2DDI.pdf,02_PDF_Raw/A/A-H2-04_2024_Rorimpandey_EnergyShare_AmbientOxygen_H2DDI.pdf,yes,7266476,16,yes,downloaded,matched,source_record_id_filename;embedded_title;embedded_authors;first_author_front_matter;year_front_matter;doi_pdf;title_descriptor_consistent,,
A022,A-H2-05,A,yes,A-H2-05_2024_Rorimpandey_JetInteractionAngle_H2DDI.pdf,02_PDF_Raw/A/A-H2-05_2024_Rorimpandey_JetInteractionAngle_H2DDI.pdf,yes,6524464,20,yes,downloaded,matched,source_record_id_filename;embedded_title;embedded_authors;first_author_front_matter;year_front_matter;doi_pdf;title_descriptor_consistent,,
A023,A-H2-06,A,yes,A-H2-06_2024_Liu_SplitInjection_HighPressure_HydrogenDI.pdf,02_PDF_Raw/A/A-H2-06_2024_Liu_SplitInjection_HighPressure_HydrogenDI.pdf,yes,17254254,14,yes,downloaded,matched,source_record_id_filename;embedded_title;embedded_authors;first_author_front_matter;year_front_matter;doi_pdf;title_descriptor_consistent,,
A024,A-H2-07,A,yes,A-H2-07_2024_Ramsay_HeavyDuty_DieselHydrogen_HPDI_Modeling.pdf,02_PDF_Raw/A/A-H2-07_2024_Ramsay_HeavyDuty_DieselHydrogen_HPDI_Modeling.pdf,yes,6977334,23,yes,downloaded,matched,source_record_id_filename;embedded_title;embedded_authors;first_author_front_matter;year_front_matter;doi_pdf;title_descriptor_consistent,,
A025,A-H2-08,A,yes,A-H2-08_2024_Lucchini_H2DDI_FGM_TransportedPDF.pdf,02_PDF_Raw/A/A-H2-08_2024_Lucchini_H2DDI_FGM_TransportedPDF.pdf,yes,3509747,7,yes,downloaded,matched,source_record_id_filename;embedded_title;embedded_authors;first_author_front_matter;year_front_matter;doi_pdf,,
A026,A-H2-09,A,yes,A-H2-09_2025_Heaton_HydrogenInjectionTiming_EnergyProportion_Flame.pdf,02_PDF_Raw/A/A-H2-09_2025_Heaton_HydrogenInjectionTiming_EnergyProportion_Flame.pdf,yes,16768030,14,yes,downloaded,matched,source_record_id_filename;embedded_title;embedded_authors;first_author_front_matter;year_front_matter;doi_pdf;title_descriptor_consistent,,
A027,A-R-01,A,yes,A-R-01_2020_Li_Review_HPDI_NaturalGas_CombustionEmissionsPerformance.pdf,02_PDF_Raw/A/A-R-01_2020_Li_Review_HPDI_NaturalGas_CombustionEmissionsPerformance.pdf,yes,2235782,17,yes,downloaded,matched,source_record_id_filename;embedded_title;embedded_authors;first_author_front_matter;year_front_matter;doi_pdf;title_descriptor_consistent,,
A028,A-R-02,A,yes,A-R-02_2021_Li_NumericalReview_HPDI_NaturalGas_Engines.pdf,02_PDF_Raw/A/A-R-02_2021_Li_NumericalReview_HPDI_NaturalGas_Engines.pdf,yes,6515022,19,yes,downloaded,matched,source_record_id_filename;embedded_title;embedded_authors;first_author_front_matter;year_front_matter;doi_pdf;title_descriptor_consistent,,
A029,A-R-03,A,yes,A-R-03_2025_Li_DualFuel_DualDirectInjection_Review.pdf,02_PDF_Raw/A/A-R-03_2025_Li_DualFuel_DualDirectInjection_Review.pdf,yes,37905929,29,yes,downloaded,matched,source_record_id_filename;embedded_title;embedded_authors;first_author_front_matter;year_front_matter;doi_pdf;title_descriptor_consistent,,
A030,A-R-04,A,yes,A-R-04_2025_Rorimpandey_HydrogenDiesel_DI_Combustion_Review.pdf,02_PDF_Raw/A/A-R-04_2025_Rorimpandey_HydrogenDiesel_DI_Combustion_Review.pdf,yes,8567854,23,yes,downloaded,matched,source_record_id_filename;embedded_title;front_matter_authors;first_author_front_matter;year_front_matter;doi_pdf,,
B001,B-T-01,B,yes,B-T-01_2012_Velikorodny_NearField_HighlyUnderexpanded_TurbulentGasJets.pdf,02_PDF_Raw/B/B-T-01_2012_Velikorodny_NearField_HighlyUnderexpanded_TurbulentGasJets.pdf,yes,805962,10,yes,downloaded,matched,source_record_id_filename;embedded_title;embedded_authors;first_author_front_matter;year_front_matter;doi_pdf;title_descriptor_consistent,,
B002,B-T-02,B,yes,B-T-02_2012_Papanikolaou_NotionalNozzle_Underexpanded_HydrogenJets.pdf,02_PDF_Raw/B/B-T-02_2012_Papanikolaou_NotionalNozzle_Underexpanded_HydrogenJets.pdf,yes,1284752,12,yes,downloaded,matched,source_record_id_filename;front_matter_title;front_matter_authors;first_author_front_matter;year_front_matter;doi_pdf;title_descriptor_consistent,,
B003,B-T-03,B,yes,B-T-03_2013_Vuorinen_LES_HighlyUnderexpanded_TransientGasJets.pdf,02_PDF_Raw/B/B-T-03_2013_Vuorinen_LES_HighlyUnderexpanded_TransientGasJets.pdf,yes,4419367,23,yes,downloaded,matched,source_record_id_filename;front_matter_title;front_matter_authors;first_author_front_matter;year_front_matter;doi_pdf;title_descriptor_consistent,,
B004,B-T-04,B,yes,B-T-04_2015_Franquet_FreeUnderexpanded_Jets_Review.pdf,02_PDF_Raw/B/B-T-04_2015_Franquet_FreeUnderexpanded_Jets_Review.pdf,yes,2526887,29,yes,downloaded,matched,source_record_id_filename;front_matter_title;front_matter_authors;first_author_front_matter;year_front_matter;doi_pdf;title_descriptor_consistent,,
B005,B-T-05,B,yes,B-T-05_2023_Duronio_UnderexpandedJets_AdvancedPropulsion_Review.pdf,02_PDF_Raw/B/B-T-05_2023_Duronio_UnderexpandedJets_AdvancedPropulsion_Review.pdf,yes,5008745,21,yes,downloaded,matched,source_record_id_filename;embedded_title;embedded_authors;first_author_front_matter;year_front_matter;doi_pdf;title_descriptor_consistent,,
B006,B-H2-01,B,yes,B-H2-01_2006_Petersen_Transient_HighPressure_HydrogenJet.pdf,02_PDF_Raw/B/B-H2-01_2006_Petersen_Transient_HighPressure_HydrogenJet.pdf,yes,1208468,13,yes,downloaded,matched,source_record_id_filename;front_matter_title;front_matter_authors;first_author_front_matter;year_front_matter;title_descriptor_consistent,,
B007,B-H2-02,B,yes,B-H2-02_2012_Ruggles_Ignitability_Mixing_Underexpanded_HydrogenJets.pdf,02_PDF_Raw/B/B-H2-02_2012_Ruggles_Ignitability_Mixing_Underexpanded_HydrogenJets.pdf,yes,1403045,12,yes,downloaded,matched,source_record_id_filename;front_matter_title;front_matter_authors;first_author_front_matter;year_front_matter;doi_pdf;title_descriptor_consistent,,
B008,B-H2-03,B,yes,B-H2-03_2013_Bonelli_Hydrogen_UnderexpandedJets_RealGas.pdf,02_PDF_Raw/B/B-H2-03_2013_Bonelli_Hydrogen_UnderexpandedJets_RealGas.pdf,yes,1601300,11,yes,downloaded,matched,source_record_id_filename;front_matter_authors;first_author_front_matter;year_front_matter;doi_pdf,title_not_verified,
B009,B-H2-04,B,yes,B-H2-04_2014_Hamzehloo_LES_Underexpanded_Hydrogen_MethaneJets.pdf,02_PDF_Raw/B/B-H2-04_2014_Hamzehloo_LES_Underexpanded_Hydrogen_MethaneJets.pdf,yes,4500259,22,yes,downloaded,matched,source_record_id_filename;embedded_title;embedded_authors;first_author_front_matter;year_front_matter;doi_pdf;title_descriptor_consistent,,
B010,B-H2-05,B,yes,B-H2-05_2016_Li_LES_Underexpanded_Nitrogen_HydrogenJets.pdf,02_PDF_Raw/B/B-H2-05_2016_Li_LES_Underexpanded_Nitrogen_HydrogenJets.pdf,yes,2474931,11,yes,downloaded,matched,source_record_id_filename;embedded_title;embedded_authors;first_author_front_matter;year_front_matter;doi_pdf;title_descriptor_consistent,,
B011,B-H2-06,B,yes,B-H2-06_2016_Hamzehloo_GasDynamics_Hydrogen_MethaneJets_NPR.pdf,02_PDF_Raw/B/B-H2-06_2016_Hamzehloo_GasDynamics_Hydrogen_MethaneJets_NPR.pdf,yes,7808547,23,yes,downloaded,matched,source_record_id_filename;embedded_title;embedded_authors;first_author_front_matter;year_front_matter;doi_pdf;title_descriptor_consistent,,
B012,B-H2-07,B,yes,B-H2-07_2016_Hamzehloo_Transient_UnderexpandedJets_AMR.pdf,02_PDF_Raw/B/B-H2-07_2016_Hamzehloo_Transient_UnderexpandedJets_AMR.pdf,yes,12953205,19,yes,downloaded,matched,source_record_id_filename;embedded_title;embedded_authors;first_author_front_matter;year_front_matter;doi_pdf;title_descriptor_consistent,,
B013,B-H2-08,B,yes,B-H2-08_2017_Tang_82MPa_HydrogenJet_AMR_MachDisk.pdf,02_PDF_Raw/B/B-H2-08_2017_Tang_82MPa_HydrogenJet_AMR_MachDisk.pdf,yes,3200562,15,yes,downloaded,matched,source_record_id_filename;embedded_title;embedded_authors;first_author_front_matter;year_front_matter;doi_pdf;title_descriptor_consistent,,
B014,B-H2-09,B,yes,B-H2-09_2020_Zhao_Microscopic_Transient_Underexpanded_HydrogenJets.pdf,02_PDF_Raw/B/B-H2-09_2020_Zhao_Microscopic_Transient_Underexpanded_HydrogenJets.pdf,yes,1761118,9,yes,downloaded,matched,source_record_id_filename;embedded_title;embedded_authors;first_author_front_matter;year_front_matter;doi_pdf;title_descriptor_consistent,,
B015,B-H2-10,B,yes,B-H2-10_2020_Wang_Visualization_OutwardOpening_HydrogenJet.pdf,02_PDF_Raw/B/B-H2-10_2020_Wang_Visualization_OutwardOpening_HydrogenJet.pdf,yes,4231132,11,yes,downloaded,matched,source_record_id_filename;embedded_title;embedded_authors;first_author_front_matter;year_front_matter;doi_pdf;title_descriptor_consistent,,
B016,B-NG-01,B,yes,B-NG-01_2017_Dong_HighPressure_GasJets_ShockWaveStructure.pdf,02_PDF_Raw/B/B-NG-01_2017_Dong_HighPressure_GasJets_ShockWaveStructure.pdf,yes,2558301,13,yes,downloaded,matched,source_record_id_filename;front_matter_title;front_matter_authors;first_author_front_matter;year_front_matter;doi_pdf;title_descriptor_consistent,,
B017,B-NG-02,B,yes,B-NG-02_2019_Lei_HighPressure_Methane_PulsedInjection.pdf,02_PDF_Raw/B/B-NG-02_2019_Lei_HighPressure_Methane_PulsedInjection.pdf,yes,7068133,15,yes,downloaded,matched,source_record_id_filename;embedded_title;embedded_authors;first_author_front_matter;year_front_matter;doi_pdf;title_descriptor_consistent,,
B018,B-NG-03,B,yes,B-NG-03_2020_Allocca_Underexpanded_GaseousJets_DI_Engines.pdf,02_PDF_Raw/B/B-NG-03_2020_Allocca_Underexpanded_GaseousJets_DI_Engines.pdf,yes,3901900,15,yes,downloaded,matched,source_record_id_filename;front_matter_title;front_matter_authors;first_author_front_matter;year_front_matter;doi_pdf;title_descriptor_consistent,,
B019,B-NG-04,B,yes,B-NG-04_2021_Yosri_LES_MethaneDI_FullInjectorGeometry.pdf,02_PDF_Raw/B/B-NG-04_2021_Yosri_LES_MethaneDI_FullInjectorGeometry.pdf,yes,9278392,12,yes,downloaded,matched,source_record_id_filename;embedded_title;embedded_authors;first_author_front_matter;year_front_matter;doi_pdf;title_descriptor_consistent,,
B020,B-NG-05,B,yes,B-NG-05_2023_Lei_HighPressure_MethaneJet_SingleHoleInjector.pdf,02_PDF_Raw/B/B-NG-05_2023_Lei_HighPressure_MethaneJet_SingleHoleInjector.pdf,yes,4703320,14,yes,downloaded,matched,source_record_id_filename;embedded_title;embedded_authors;first_author_front_matter;year_front_matter;doi_pdf;title_descriptor_consistent,,
B021,B-E-01,B,yes,B-E-01_2023_Anaclerio_Numerical_Underexpanded_HydrogenJets_ICE.pdf,02_PDF_Raw/B/B-E-01_2023_Anaclerio_Numerical_Underexpanded_HydrogenJets_ICE.pdf,yes,6469288,17,yes,downloaded,matched,source_record_id_filename;embedded_title;front_matter_authors;first_author_front_matter;year_front_matter;doi_pdf,,
B022,B-E-02,B,yes,B-E-02_2023_Anaclerio_GasDynamics_Mixing_CrossSection_HydrogenJets.pdf,02_PDF_Raw/B/B-E-02_2023_Anaclerio_GasDynamics_Mixing_CrossSection_HydrogenJets.pdf,yes,4735972,30,yes,downloaded,matched,source_record_id_filename;front_matter_title;front_matter_authors;first_author_front_matter;year_front_matter;doi_pdf;title_descriptor_consistent,,
B023,B-E-03,B,yes,B-E-03_2024_Ballatore_PressureBased_LES_HydrogenJets.pdf,02_PDF_Raw/B/B-E-03_2024_Ballatore_PressureBased_LES_HydrogenJets.pdf,yes,2791182,13,yes,downloaded,matched,source_record_id_filename;embedded_title;embedded_authors;first_author_front_matter;year_front_matter;doi_pdf;title_descriptor_consistent,,
B024,B-E-04,B,yes,B-E-04_2024_Coratella_HollowCone_HydrogenJet_Schlieren.pdf,02_PDF_Raw/B/B-E-04_2024_Coratella_HollowCone_HydrogenJet_Schlieren.pdf,yes,7361546,14,yes,downloaded,matched,source_record_id_filename;embedded_title;embedded_authors;first_author_front_matter;year_front_matter;doi_pdf;title_descriptor_consistent,,
B025,B-E-05,B,yes,B-E-05_2024_Duronio_CFD_Hydrogen_Methane_UnderexpandedJets.pdf,02_PDF_Raw/B/B-E-05_2024_Duronio_CFD_Hydrogen_Methane_UnderexpandedJets.pdf,yes,4796824,15,yes,downloaded,matched,source_record_id_filename;embedded_title;embedded_authors;first_author_front_matter;year_front_matter;doi_pdf;title_descriptor_consistent,,
B026,B-E-06,B,yes,B-E-06_2024_Caramia_URANS_Underexpanded_HydrogenJets_ICE.pdf,02_PDF_Raw/B/B-E-06_2024_Caramia_URANS_Underexpanded_HydrogenJets_ICE.pdf,yes,2679399,11,yes,downloaded,matched,source_record_id_filename;embedded_title;embedded_authors;first_author_front_matter;year_front_matter;doi_pdf;title_descriptor_consistent,,
B027,B-E-07,B,yes,B-E-07_2025_Duronio_TurbulentMixing_Underexpanded_HydrogenJets.pdf,02_PDF_Raw/B/B-E-07_2025_Duronio_TurbulentMixing_Underexpanded_HydrogenJets.pdf,yes,10665462,17,yes,downloaded,matched,source_record_id_filename;embedded_title;front_matter_authors;first_author_front_matter;year_front_matter;doi_pdf;title_descriptor_consistent,,
B028,B-E-08,B,yes,B-E-08_2025_Xie_HydrogenJet_DualScale_Shock_SprayEvolution.pdf,02_PDF_Raw/B/B-E-08_2025_Xie_HydrogenJet_DualScale_Shock_SprayEvolution.pdf,yes,16249561,22,yes,downloaded,matched,source_record_id_filename;embedded_title;embedded_authors;first_author_front_matter;year_front_matter;doi_pdf;title_descriptor_consistent,,
B029,B-E-09,B,yes,B-E-09_2026_Sang_InjectorPressureBuildUp_Underexpanded_HydrogenJet.pdf,02_PDF_Raw/B/B-E-09_2026_Sang_InjectorPressureBuildUp_Underexpanded_HydrogenJet.pdf,yes,8639950,13,yes,downloaded,matched,source_record_id_filename;embedded_title;front_matter_authors;first_author_front_matter;year_front_matter;doi_pdf,,
B030,B-E-10,B,yes,B-E-10_2026_Zhang_ExtremelyUnderexpanded_HydrogenJet_HPDI.pdf,02_PDF_Raw/B/B-E-10_2026_Zhang_ExtremelyUnderexpanded_HydrogenJet_HPDI.pdf,yes,14710210,15,yes,downloaded,matched,source_record_id_filename;embedded_title;embedded_authors;first_author_front_matter;year_front_matter;doi_pdf;title_descriptor_consistent,,
C001,C-F-01,C,yes,C-F-01_2007_Theofanous_Aerobreakup_Disturbed_SubsonicSupersonic_Flow.pdf,02_PDF_Raw/C/C-F-01_2007_Theofanous_Aerobreakup_Disturbed_SubsonicSupersonic_Flow.pdf,yes,2026812,40,yes,downloaded,matched,source_record_id_filename;embedded_title;embedded_authors;first_author_front_matter;year_front_matter;doi_pdf;title_descriptor_consistent,,
C002,C-F-02,C,yes,C-F-02_2008_Theofanous_Physics_Aerobreakup.pdf,02_PDF_Raw/C/C-F-02_2008_Theofanous_Physics_Aerobreakup.pdf,yes,1717533,14,yes,downloaded,matched,source_record_id_filename;front_matter_title;front_matter_authors;first_author_front_matter;year_front_matter;doi_pdf;title_descriptor_consistent,,
C003,C-F-03,C,yes,C-F-03_2009_Guildenbecher_Secondary_Atomization_Review.pdf,02_PDF_Raw/C/C-F-03_2009_Guildenbecher_Secondary_Atomization_Review.pdf,yes,999837,32,yes,downloaded,matched,source_record_id_filename;front_matter_title;front_matter_authors;first_author_front_matter;year_front_matter;doi_pdf;title_descriptor_consistent,,
C004,C-F-04,C,yes,,,no,,,,missing,not_checked,,pdf_missing,User-supplied DOI/title retained as unverified metadata.
C005,C-F-05,C,yes,C-F-05_2015_Jain_SecondaryBreakup_Moderate_WeberNumbers.pdf,02_PDF_Raw/C/C-F-05_2015_Jain_SecondaryBreakup_Moderate_WeberNumbers.pdf,yes,2677487,25,yes,downloaded,matched,source_record_id_filename;front_matter_authors;first_author_front_matter;year_front_matter;doi_pdf,title_not_verified,
C006,C-F-06,C,yes,C-F-06_2021_Jackiw_Aerodynamic_DropletBreakup.pdf,02_PDF_Raw/C/C-F-06_2021_Jackiw_Aerodynamic_DropletBreakup.pdf,yes,6022048,46,yes,downloaded,matched,source_record_id_filename;front_matter_title;front_matter_authors;first_author_front_matter;year_front_matter;doi_pdf;title_descriptor_consistent,,
C007,C-F-07,C,yes,C-F-07_2026_Rao_SecondaryAtomization_ExtremeConditions_Review.pdf,02_PDF_Raw/C/C-F-07_2026_Rao_SecondaryAtomization_ExtremeConditions_Review.pdf,yes,5146922,28,yes,downloaded,matched,source_record_id_filename;front_matter_title;front_matter_authors;first_author_front_matter;year_front_matter;doi_pdf;title_descriptor_consistent,,
C008,C-SD-01,C,yes,C-SD-01_2015_Meng_EarlyStages_HighSpeed_DropletBreakup.pdf,02_PDF_Raw/C/C-SD-01_2015_Meng_EarlyStages_HighSpeed_DropletBreakup.pdf,yes,4382396,16,yes,downloaded,matched,source_record_id_filename;embedded_title;embedded_authors;first_author_front_matter;year_front_matter;doi_pdf;title_descriptor_consistent,,
C009,C-SD-02,C,yes,C-SD-02_2017_Xiao_Droplet_DeformationBreakup_SupersonicFlow.pdf,02_PDF_Raw/C/C-SD-02_2017_Xiao_Droplet_DeformationBreakup_SupersonicFlow.pdf,yes,2255094,8,yes,downloaded,matched,source_record_id_filename;embedded_title;embedded_authors;first_author_front_matter;year_front_matter;doi_pdf;title_descriptor_consistent,,
C010,C-SD-03,C,yes,C-SD-03_2018_Meng_Numerical_Aerobreakup_WaterDroplet.pdf,02_PDF_Raw/C/C-SD-03_2018_Meng_Numerical_Aerobreakup_WaterDroplet.pdf,yes,1811186,28,yes,downloaded,matched,source_record_id_filename;front_matter_title;front_matter_authors;first_author_front_matter;year_front_matter;doi_pdf;title_descriptor_consistent,,
C011,C-SD-04,C,yes,C-SD-04_2018_Guan_Droplet_InternalFlow_ShockImpact.pdf,02_PDF_Raw/C/C-SD-04_2018_Guan_Droplet_InternalFlow_ShockImpact.pdf,yes,2129736,6,yes,downloaded,matched,source_record_id_filename;embedded_title;embedded_authors;first_author_front_matter;year_front_matter;doi_pdf;title_descriptor_consistent,,
C012,C-SD-05,C,yes,C-SD-05_2019_BiasioriPoulanges_HighMagnification_Shadowgraphy_DropBreakup.pdf,02_PDF_Raw/C/C-SD-05_2019_BiasioriPoulanges_HighMagnification_Shadowgraphy_DropBreakup.pdf,yes,1068382,4,yes,downloaded,matched,source_record_id_filename;embedded_title;embedded_authors;first_author_front_matter;year_front_matter;doi_pdf;title_descriptor_consistent,,
C013,C-SD-06,C,yes,C-SD-06_2020_Dorschner_LigamentFormation_Shedding_DropletAerobreakup.pdf,02_PDF_Raw/C/C-SD-06_2020_Dorschner_LigamentFormation_Shedding_DropletAerobreakup.pdf,yes,3446707,28,yes,downloaded,matched,source_record_id_filename;front_matter_title;front_matter_authors;first_author_front_matter;year_front_matter;doi_pdf;title_descriptor_consistent,,
C014,C-SD-07,C,yes,C-SD-07_2020_Wang_MachNumber_DropletAerobreakup_ShearStripping.pdf,02_PDF_Raw/C/C-SD-07_2020_Wang_MachNumber_DropletAerobreakup_ShearStripping.pdf,yes,7203617,17,yes,downloaded,matched,source_record_id_filename;embedded_title;embedded_authors;first_author_front_matter;year_front_matter;doi_pdf;title_descriptor_consistent,,
C015,C-SD-08,C,yes,C-SD-08_2020_Poplavski_ShockWave_WaterDroplet_ExperimentSimulation.pdf,02_PDF_Raw/C/C-SD-08_2020_Poplavski_ShockWave_WaterDroplet_ExperimentSimulation.pdf,yes,6742798,15,yes,downloaded,matched,source_record_id_filename;embedded_title;embedded_authors;first_author_front_matter;year_front_matter;doi_pdf;title_descriptor_consistent,,
C016,C-SD-09,C,yes,C-SD-09_2021_Sharma_ShockInduced_DropletAerobreakup.pdf,02_PDF_Raw/C/C-SD-09_2021_Sharma_ShockInduced_DropletAerobreakup.pdf,yes,3673666,32,yes,downloaded,matched,source_record_id_filename;front_matter_title;front_matter_authors;first_author_front_matter;year_front_matter;doi_pdf;title_descriptor_consistent,,
C017,C-SD-10,C,yes,C-SD-10_2021_BiasioriPoulanges_ShockInduced_Cavitation_WaterDroplet.pdf,02_PDF_Raw/C/C-SD-10_2021_BiasioriPoulanges_ShockInduced_Cavitation_WaterDroplet.pdf,yes,2999797,10,yes,downloaded,matched,source_record_id_filename;embedded_title;front_matter_authors;first_author_front_matter;year_front_matter;doi_pdf;title_descriptor_consistent,,
C018,C-SD-11,C,yes,C-SD-11_2024_Xiong_ShockDroplet_HighFidelitySimulation_TheoreticalModel.pdf,02_PDF_Raw/C/C-SD-11_2024_Xiong_ShockDroplet_HighFidelitySimulation_TheoreticalModel.pdf,yes,3209515,38,yes,downloaded,matched,source_record_id_filename;front_matter_title;front_matter_authors;first_author_front_matter;year_front_matter;doi_pdf;title_descriptor_consistent,,
C019,C-SD-12,C,yes,C-SD-12_2025_Chen_Droplet_DivergentShockWave_Dynamics.pdf.pdf,02_PDF_Raw/C/C-SD-12_2025_Chen_Droplet_DivergentShockWave_Dynamics.pdf.pdf,yes,5361671,29,yes,downloaded,matched,source_record_id_filename;front_matter_title;front_matter_authors;first_author_front_matter;title_descriptor_consistent,,
C020,C-SD-13,C,yes,C-SD-13_2026_Young_DropletBreakup_Multimodal_NonlinearRT.pdf,02_PDF_Raw/C/C-SD-13_2026_Young_DropletBreakup_Multimodal_NonlinearRT.pdf,yes,2013131,6,yes,downloaded,matched,source_record_id_filename;embedded_title;embedded_authors;first_author_front_matter;year_front_matter;doi_pdf;title_descriptor_consistent,,
C021,C-ST-01,C,yes,C-ST-01_2021_Nykteri_ShearInduced_DropletAerobreakup_TwoFluid.pdf,02_PDF_Raw/C/C-ST-01_2021_Nykteri_ShearInduced_DropletAerobreakup_TwoFluid.pdf,yes,11032518,27,yes,downloaded,matched,source_record_id_filename;embedded_title;embedded_authors;first_author_front_matter;year_front_matter;doi_pdf;title_descriptor_consistent,,
C022,C-ST-02,C,yes,C-ST-02_2022_Li_SecondaryDroplet_SizeDistribution_HighSpeedCrossFlow.pdf,02_PDF_Raw/C/C-ST-02_2022_Li_SecondaryDroplet_SizeDistribution_HighSpeedCrossFlow.pdf,yes,8351367,12,yes,downloaded,matched,source_record_id_filename;embedded_title;embedded_authors;first_author_front_matter;year_front_matter;doi_pdf;title_descriptor_consistent,,
C023,C-ST-03,C,yes,C-ST-03_2022_Zhu_NDecane_DropletBreakup_ShockWave.pdf,02_PDF_Raw/C/C-ST-03_2022_Zhu_NDecane_DropletBreakup_ShockWave.pdf,yes,4458599,17,yes,downloaded,matched,source_record_id_filename;embedded_title;front_matter_authors;first_author_front_matter;year_front_matter;doi_pdf;title_descriptor_consistent,,
C024,C-ST-04,C,yes,C-ST-04_2023_DukeWalker_SmallDroplet_BreakupEvaporation_HighWeber.pdf,02_PDF_Raw/C/C-ST-04_2023_DukeWalker_SmallDroplet_BreakupEvaporation_HighWeber.pdf,yes,4947451,16,yes,downloaded,matched,source_record_id_filename;embedded_title;embedded_authors;first_author_front_matter;year_front_matter;doi_pdf;title_descriptor_consistent,,
C025,C-ST-05,C,yes,C-ST-05_2025_Ullman_ShockInduced_DropletBreakup_TimescalesStatistics.pdf,02_PDF_Raw/C/C-ST-05_2025_Ullman_ShockInduced_DropletBreakup_TimescalesStatistics.pdf,yes,7111462,10,yes,downloaded,matched,source_record_id_filename;front_matter_title;front_matter_authors;first_author_front_matter;year_front_matter;title_descriptor_consistent,,
C026,C-ST-06,C,yes,C-ST-06_2025_DukeWalker_SmallDroplet_DeformationAcceleration_HighSpeed.pdf,02_PDF_Raw/C/C-ST-06_2025_DukeWalker_SmallDroplet_DeformationAcceleration_HighSpeed.pdf,yes,9614796,21,yes,downloaded,matched,source_record_id_filename;embedded_title;year_front_matter;doi_pdf;title_descriptor_consistent,author_not_verified,
C027,C-PC-01,C,yes,C-PC-01_2012_Kim_DropletBreakup_Vaporization_LocallySupersonic.pdf,02_PDF_Raw/C/C-PC-01_2012_Kim_DropletBreakup_Vaporization_LocallySupersonic.pdf,yes,4396915,25,yes,downloaded,matched,source_record_id_filename;front_matter_title;front_matter_authors;first_author_front_matter;year_front_matter;doi_pdf;title_descriptor_consistent,,
C028,C-PC-02,C,yes,C-PC-02_2020_Das_SharpInterface_ShockInduced_DropletVaporization.pdf,02_PDF_Raw/C/C-PC-02_2020_Das_SharpInterface_ShockInduced_DropletVaporization.pdf,yes,6179853,38,yes,downloaded,matched,source_record_id_filename;front_matter_title;front_matter_authors;first_author_front_matter;year_front_matter;doi_pdf;title_descriptor_consistent,,
C029,C-PC-03,C,yes,C-PC-03_2021_Boyd_Transcritical_ShockDroplet_Interaction.pdf,02_PDF_Raw/C/C-PC-03_2021_Boyd_Transcritical_ShockDroplet_Interaction.pdf,yes,12788627,44,yes,downloaded,matched,source_record_id_filename;embedded_title;embedded_authors;first_author_front_matter;year_front_matter;doi_pdf;title_descriptor_consistent,,
C030,C-PC-04,C,yes,C-PC-04_2024_Boyd_Vaporization_DropAerobreakup.pdf,02_PDF_Raw/C/C-PC-04_2024_Boyd_Vaporization_DropAerobreakup.pdf,yes,1271973,14,yes,downloaded,matched,source_record_id_filename;front_matter_title;front_matter_authors;first_author_front_matter;year_front_matter;doi_pdf;title_descriptor_consistent,,
C031,C-PC-05,C,yes,C-PC-05_2025_Song_3D_PhaseChange_ShockDroplet_Interaction.pdf,02_PDF_Raw/C/C-PC-05_2025_Song_3D_PhaseChange_ShockDroplet_Interaction.pdf,yes,6440019,21,yes,downloaded,matched,source_record_id_filename;embedded_title;front_matter_authors;first_author_front_matter;year_front_matter;doi_pdf;title_descriptor_consistent,,
C032,C-PC-06,C,yes,C-PC-06_2016_Strotos_NDecane_DropletBreakup_HighTemperatureGas.pdf,02_PDF_Raw/C/C-PC-06_2016_Strotos_NDecane_DropletBreakup_HighTemperatureGas.pdf,yes,2103758,11,yes,downloaded,matched,source_record_id_filename;front_matter_title;front_matter_authors;first_author_front_matter;year_front_matter;doi_pdf;title_descriptor_consistent,,
C033,C-MD-01,C,yes,C-MD-01_2011_Chauvin_PlanarShock_TwoPhase_GasLiquid_Medium.pdf,02_PDF_Raw/C/C-MD-01_2011_Chauvin_PlanarShock_TwoPhase_GasLiquid_Medium.pdf,yes,4642442,14,yes,downloaded,matched,source_record_id_filename;front_matter_title;front_matter_authors;first_author_front_matter;year_front_matter;doi_pdf;title_descriptor_consistent,,
C034,C-MD-02,C,yes,C-MD-02_2016_Chauvin_ShockWaves_Sprays_SecondaryAtomization.pdf,02_PDF_Raw/C/C-MD-02_2016_Chauvin_ShockWaves_Sprays_SecondaryAtomization.pdf,yes,1162993,13,yes,downloaded,matched,source_record_id_filename;embedded_title;embedded_authors;first_author_front_matter;year_front_matter;doi_pdf;title_descriptor_consistent,,
C035,C-MD-03,C,yes,C-MD-03_2021_Wang_ShockInduced_TandemDroplet_Breakup.pdf,02_PDF_Raw/C/C-MD-03_2021_Wang_ShockInduced_TandemDroplet_Breakup.pdf,yes,21936699,12,yes,downloaded,matched,source_record_id_filename;front_matter_title;front_matter_authors;first_author_front_matter;year_front_matter;doi_pdf;title_descriptor_consistent,,
C036,C-MD-04,C,yes,C-MD-04_2026_Guo_ShockInduced_ParallelDroplets_Aerobreakup.pdf,02_PDF_Raw/C/C-MD-04_2026_Guo_ShockInduced_ParallelDroplets_Aerobreakup.pdf,yes,3253663,19,yes,downloaded,matched,source_record_id_filename;embedded_title;embedded_authors;first_author_front_matter;year_front_matter;doi_pdf;title_descriptor_consistent,,
D001,D-IC-01,D,yes,D-IC-01_2010_Kook_AmbientTemperatureDensity_ShockWave_DieselEngine.pdf,02_PDF_Raw/D/D-IC-01_2010_Kook_AmbientTemperatureDensity_ShockWave_DieselEngine.pdf,yes,5850454,13,yes,downloaded,matched,source_record_id_filename;front_matter_title;front_matter_authors;first_author_front_matter;year_front_matter;title_descriptor_consistent,,
D002,D-IC-02,D,yes,D-IC-02_2015_Huang_ShockWaves_HighPressure_FuelJets.pdf,02_PDF_Raw/D/D-IC-02_2015_Huang_ShockWaves_HighPressure_FuelJets.pdf,yes,1984590,7,yes,downloaded,matched,source_record_id_filename;front_matter_title;front_matter_authors;first_author_front_matter;year_front_matter;doi_pdf;title_descriptor_consistent,,
D003,D-IC-03,D,yes,D-IC-03_2018_Tetrault_JetInducedShockWave_UpstreamDropletCloud.pdf,02_PDF_Raw/D/D-IC-03_2018_Tetrault_JetInducedShockWave_UpstreamDropletCloud.pdf,yes,2175510,10,yes,downloaded,matched,source_record_id_filename;embedded_title;first_author_front_matter;year_front_matter;doi_pdf;title_descriptor_consistent,,
D004,D-IC-04,D,yes,D-IC-04_2019_Li_ReflectedShockWaves_HighPressure_DieselSpray.pdf,02_PDF_Raw/D/D-IC-04_2019_Li_ReflectedShockWaves_HighPressure_DieselSpray.pdf,yes,2568536,8,yes,downloaded,matched,source_record_id_filename;embedded_title;embedded_authors;first_author_front_matter;year_front_matter;doi_pdf;title_descriptor_consistent,,
D005,D-IC-05,D,yes,D-IC-05_2020_Huang_ShockWaveGeneration_DieselEngine_SprayCharacteristics.pdf,02_PDF_Raw/D/D-IC-05_2020_Huang_ShockWaveGeneration_DieselEngine_SprayCharacteristics.pdf,yes,6170498,19,yes,downloaded,matched,source_record_id_filename;embedded_title;embedded_authors;first_author_front_matter;year_front_matter;doi_pdf;title_descriptor_consistent,,
D006,D-RDE-01,D,yes,D-RDE-01_2021_Meng_NHeptaneSprays_Hydrogen_RotatingDetonation.pdf,02_PDF_Raw/D/D-RDE-01_2021_Meng_NHeptaneSprays_Hydrogen_RotatingDetonation.pdf,yes,9327285,17,yes,downloaded,matched,source_record_id_filename;embedded_title;embedded_authors;first_author_front_matter;year_front_matter;doi_pdf;title_descriptor_consistent,,
D007,D-RDE-02,D,yes,D-RDE-02_2021_Ren_TwoPhase_KeroseneAir_RotatingDetonation_Stability.pdf,02_PDF_Raw/D/D-RDE-02_2021_Ren_TwoPhase_KeroseneAir_RotatingDetonation_Stability.pdf,yes,6612501,23,yes,downloaded,matched,source_record_id_filename;embedded_title;embedded_authors;first_author_front_matter;year_front_matter;doi_pdf;title_descriptor_consistent,,
D008,D-RDE-03,D,yes,D-RDE-03_2022_Jin_Bidisperse_NHeptaneSprays_RotatingDetonation.pdf,02_PDF_Raw/D/D-RDE-03_2022_Jin_Bidisperse_NHeptaneSprays_RotatingDetonation.pdf,yes,8872782,15,yes,downloaded,matched,source_record_id_filename;embedded_title;embedded_authors;first_author_front_matter;year_front_matter;doi_pdf;title_descriptor_consistent,,
D009,D-RDE-04,D,yes,D-RDE-04_2022_Wen_DropletLaden_RotatingDetonation_PropagationStability.pdf,02_PDF_Raw/D/D-RDE-04_2022_Wen_DropletLaden_RotatingDetonation_PropagationStability.pdf,yes,7378199,19,yes,downloaded,matched,source_record_id_filename;embedded_title;embedded_authors;first_author_front_matter;year_front_matter;doi_pdf;title_descriptor_consistent,,
D010,D-RDE-05,D,yes,D-RDE-05_2023_Salvadori_LiquidDroplet_Combustion_RotatingDetonation.pdf,02_PDF_Raw/D/D-RDE-05_2023_Salvadori_LiquidDroplet_Combustion_RotatingDetonation.pdf,yes,2306348,10,yes,downloaded,matched,source_record_id_filename;embedded_title;embedded_authors;first_author_front_matter;year_front_matter;doi_pdf;title_descriptor_consistent,,
D011,D-RDE-06,D,yes,D-RDE-06_2023_Yao_DropletEvaporation_HydrogenEnhanced_Kerosene_RDE.pdf,02_PDF_Raw/D/D-RDE-06_2023_Yao_DropletEvaporation_HydrogenEnhanced_Kerosene_RDE.pdf,yes,3303301,11,yes,downloaded,matched,source_record_id_filename;embedded_title;embedded_authors;first_author_front_matter;year_front_matter;doi_pdf;title_descriptor_consistent,,
D012,D-RDE-07,D,yes,D-RDE-07_2023_Li_MultistageEvaporation_WaveMultiplicity_Ethanol_RDE.pdf,02_PDF_Raw/D/D-RDE-07_2023_Li_MultistageEvaporation_WaveMultiplicity_Ethanol_RDE.pdf,yes,14390925,13,yes,downloaded,matched,source_record_id_filename;embedded_title;embedded_authors;first_author_front_matter;year_front_matter;doi_pdf;title_descriptor_consistent,,
D013,D-RDE-08,D,yes,D-RDE-08_2024_Cao_DropletSize_EngineSize_KeroseneAir_RDE.pdf,02_PDF_Raw/D/D-RDE-08_2024_Cao_DropletSize_EngineSize_KeroseneAir_RDE.pdf,yes,10329122,11,yes,downloaded,matched,source_record_id_filename;embedded_title;embedded_authors;first_author_front_matter;year_front_matter;doi_pdf;title_descriptor_consistent,,
D014,D-RDE-09,D,yes,D-RDE-09_2025_Li_DropletKinematics_Distribution_Ethanol_RDE.pdf,02_PDF_Raw/D/D-RDE-09_2025_Li_DropletKinematics_Distribution_Ethanol_RDE.pdf,yes,14793929,14,yes,downloaded,matched,source_record_id_filename;embedded_title;embedded_authors;first_author_front_matter;year_front_matter;doi_pdf;title_descriptor_consistent,,
D015,D-RDE-10,D,yes,D-RDE-10_2026_Qin_SprayCharacteristics_KeroseneAir_DetonationModes.pdf,02_PDF_Raw/D/D-RDE-10_2026_Qin_SprayCharacteristics_KeroseneAir_DetonationModes.pdf,yes,18849302,20,yes,downloaded,matched,source_record_id_filename;embedded_title;embedded_authors;first_author_front_matter;year_front_matter;doi_pdf;title_descriptor_consistent,,
D016,D-DW-01,D,yes,D-DW-01_2025_Yang_DetonationWave_DropletBreakup_DiameterMach.pdf,02_PDF_Raw/D/D-DW-01_2025_Yang_DetonationWave_DropletBreakup_DiameterMach.pdf,yes,5106441,15,yes,downloaded,matched,source_record_id_filename;embedded_title;front_matter_authors;first_author_front_matter;year_front_matter;doi_pdf;title_descriptor_consistent,,
D017,D-DW-02,D,yes,D-DW-02_2025_Young_DropletBreakup_Evaporation_LiquidFueledDetonations.pdf,02_PDF_Raw/D/D-DW-02_2025_Young_DropletBreakup_Evaporation_LiquidFueledDetonations.pdf,yes,2342842,14,yes,downloaded,matched,source_record_id_filename;embedded_title;embedded_authors;first_author_front_matter;year_front_matter;doi_pdf;title_descriptor_consistent,,
D018,D-DW-03,D,yes,D-DW-03_2026_Yang_RP3_Droplet_DeformationBreakup_Detonation.pdf,02_PDF_Raw/D/D-DW-03_2026_Yang_RP3_Droplet_DeformationBreakup_Detonation.pdf,yes,13077336,12,yes,downloaded,matched,source_record_id_filename;embedded_title;embedded_authors;first_author_front_matter;year_front_matter;doi_pdf;title_descriptor_consistent,,
D019,D-DW-04,D,yes,D-DW-04_2026_Zou_DetonationShock_DropletInteraction_Mechanisms.pdf,02_PDF_Raw/D/D-DW-04_2026_Zou_DetonationShock_DropletInteraction_Mechanisms.pdf,yes,6729263,28,yes,downloaded,matched,source_record_id_filename;embedded_title;embedded_authors;first_author_front_matter;year_front_matter;doi_pdf;title_descriptor_consistent,,
