item_id,item_type,chapter,section_ids,scientific_question,what_reader_should_observe,cross_panel_or_row_pattern,mechanistic_interpretation,boundary,transition_to_next_topic,manuscript_edit_required,notes
FIG-01,figure,CH01,S03,What is the full physical chain reviewed?,Eight linked stages from injector dynamics to ignition,Each stage passes a state to the next; open connectors mark unmeasured interfaces,Causality depends on whether transferred states persist across competing clocks,Four major couplings remain unresolved,From review scope to injector boundary conditions,yes,Author synthesis; research-gap detail moved to FIG-09
TAB-01,table,CH01,S02,Which definitions permit valid cross-study comparison?,"Pressure roles, frames, reference states, endpoints, and sign conventions",Identical symbols often encode different physical quantities,Definition completeness precedes numerical pooling,No new normalization or inferred missing values,From scope to state-specific jet evolution,yes,Placement retained after comparability problem
FIG-02,figure,CH02,S05-S06,What does transient injector/shock adjustment look like?,"Mach-disk development, steady/unsteady topology, and velocity-field evolution","The panels observe complementary stages of one adjustment, not one common nominal-pressure series",Injector area and local pressure history control downstream topology,"Different nozzles, pressure definitions, and event origins prevent pooling",From transient formation to quantitative topology comparison,yes,Three exact literature panels
TAB-02,table,CH02,S06,Why cannot the underexpanded-jet cases be pooled directly?,"Pressure definition, nozzle scale, ambient state, transient stage, and available metric differ",B009 supports within-study NPR trend; B021 topology contrast; B029 event alignment,The valid comparison coordinate changes with the observable,Only definition-complete within-study values support numerical trends,From topology metrics to local liquid loading,yes,Moved after transient/semi-steady distinction
FIG-03,figure,CH03,S08,Why does visible wave topology not equal droplet load?,"Eulerian field sampled along a moving trajectory produces p[xd,t], rho[xd,t], and urel(t)",Sampled load maps to tau_load; liquid response maps to tau_response,"Response depends on amplitude, direction, and duration along the trajectory",Actual HPDI pilot trajectories remain unmeasured,From forcing description to liquid response scales,yes,Core author synthesis retained
FIG-04,figure,CH04,S10-S12,What visually distinguishes major compressible breakup mechanisms?,"RTP penetration, SIE stripping, recurrent ligaments, and strong-wave fragmentation","Acceleration-, shear-, and capillary-mediated structures differ visibly",Morphology is state-conditioned and stage-dependent,Strong-wave panel is an analogue only,From governing groups to internal and interfacial mechanisms,yes,Panel/mechanism alignment corrected
FIG-04A,figure,CH04,S11,How can thermodynamic state redirect internal wave motion?,Diverging versus converging refracted-wave histories,Changing sound-speed ratio reverses the internal-wave trajectory and focusing behavior,Thermodynamic state sets the early pressure/circulation initial condition,2-D transcritical calculation; no direct late-breakup prediction,From internal-wave initial condition to aerodynamic deformation,yes,New figure justified by frozen-corpus source
TAB-03,table,CH04,S10,Why can response not be organized by We or Mach alone?,"Mach frame, d0, Re/Oh, load duration, and endpoints vary",We co-varies with size/Re/M; Mach frames and endpoints differ,"Breakup is a state-conditioned response, not a universal We-only map",Cross-domain strong-wave rows remain analogues,From parameter comparison to mechanism-specific response,yes,Moved after first Mach/We/d0 comparisons
FIG-05,figure,CH05,S14-S16,What do distinct collective configurations look like?,"Isolated, tandem, parallel, and cloud responses are configuration comparisons","Wake shielding, channel closure, and attenuation are different mechanisms",Neighbor topology changes local slip and wave momentum exchange,No direct dense reacting HPDI validation,From pair/cloud mechanisms to transfer limits,yes,Explicitly non-temporal
TAB-04,table,CH05,S16,Which condition space belongs to each collective mechanism?,"Orientation, S/D or L/D, We, cloud descriptors, and load differ",Pair spacing is not convertible to volume fraction or number density,Collective response requires configuration-specific descriptors,Dense spray joint statistics remain unresolved,From canonical configurations to dense-spray requirements,yes,Placement retained after transfer problem
FIG-06,figure,CH06,S18-S20,How can thermal state alter breakup in opposite directions?,"Overlap, weak early influence, vapor-layer suppression, and heating promotion",Branches A and B are parallel conditional routes,Vapor/blowing reduces shear while heating can weaken capillarity,No universal sign of phase-change influence,From liquid response to conditional fragment transport,yes,Branch topology corrected
TAB-05,table,CH06,S19,Which phase-change pattern applies under which state?,"Five distinct patterns across size, pressure, volatility, vapor layer, and heating",Weak early effect; volatility control; shear suppression; capillary weakening; overlap,Thermal influence depends on state and response clock,Optical disappearance is not vapor mass; models are domain-specific,From thermal mechanism to downstream fragment/vapor state,yes,Moved after thermal mechanisms; columns compressed
FIG-07,figure,CH07,S21,How do chronology and geometry condition ignition response?,Geometry sets intersection; timing sets pilot state; maps show joint response,Where and when the streams meet jointly determine ignition,Direct controls dominate interpretation before hypothesized wave-mediated effects,No panel isolates shock-created fragments as cause,From local interaction examples to application classes,yes,Three source panels linked explicitly
TAB-06,table,CH07,S21-S25,Which control classes organize HPDI observations?,"Chronology/geometry, pressure/momentum, and local arrangement form distinct classes","Different classes govern contact state, later mixing, and rich-zone residence",No single Delta-SOI or mixing-intensity coordinate spans all cases,"Platform, fuel order, oxygen, and pilot energy remain attached",From application classes to causal ignition test,yes,Moved after chronology/geometry framework
FIG-08,figure,CH08,S26-S28,Why does leading Mach not define droplet loading?,"Liquid chronology, matched-Mach contrast, thermal histories, and later divergence","Similar early wave topology leads to different post-wave p, rho, urel, gradients, and chemistry",Post-wave state and residence govern later response,Detonation/RDE remain comparison domains,From local strong-wave physics to transfer boundaries,yes,Four exact source panels
TAB-07,table,CH08,S28,What is locally transferable and what is device-specific?,Local state variables separate from reaction-zone and refill/front scales,D009 persistence ratio and D017 closure jointly govern survival,Survival reflects product generation relative to device residence,No validated quantitative HPDI mapping,From analogue lessons to multiscale closure,yes,Moved after shared/domain-specific distinction
FIG-09,figure,CH09,S29,Why is the physical chain not quantitatively closed?,"Aligned stages, clocks, transferred states, and missing interfaces",Each missing interface aligns with a state and a clock,Closure requires synchronized measurements across successive interfaces,No universal scalar or completed causal chain,From physical gaps to research actions,yes,Role separated from FIG-01
TAB-08,table,CH09,S30,What measurement and model resolves each missing interface?,"Each coupling maps to an observable, diagnostic, capability, and significance",Priorities group into trajectory load; population/fragment/vapor; causal ignition,Research action must validate each interface before end-to-end prediction,Timescale and strong-wave mapping are supporting priorities,From prioritized research actions to conclusions,yes,Restructured to five-column action table
