figure_id,working_title,chapter_id,section_id,scientific_question,figure_type,mechanism_scope,main_SP_ids,main_GC_ids,main_MP_ids,data_or_conceptual,required_data,evidence_directness_encoding,boundary_conditions_to_show,knowledge_gap_ids,intended_message,risk_of_overclaiming,production_priority,recommended_final_location,status,notes
FIG-01,Evidence-weighted HPDI wave–spray–mixture–ignition framework,CH01,S03;S29,"How do the review domains connect, and which arrows are direct, indirect, cross-scale, or missing?",unified conceptual mechanism map,M01–M11,SP-001;SP-002;SP-003;SP-004;SP-005;SP-006;SP-007;SP-008,GC-0052;GC-0053,MP-001–MP-034,conceptual,mechanism nodes/pathways and evidence-status classes,solid dark=direct; solid light=mixed/indirect; dashed= cross-scale inference; open red gap=missing,definition matching and application distance at transfer gates,KG-001;KG-002;KG-003,The component chain is coherent but not closed end-to-end under HPDI conditions.,high unless gap arrows and domain boundaries remain visually dominant,critical,end of CH01 or opening of CH09; final decision after layout,planned,Stable ID; not to be drawn in Phase 12.
FIG-02,Transient injection boundary and underexpanded-wave evolution,CH02,S04;S05;S06,"How do p_inj(t), NPR(t), valve state, and event alignment organize Mach-disk formation, overshoot, motion, and stabilization?",event-aligned timeline and topology schematic,M01;M02,SP-001,GC-0006;GC-0007;GC-0009;GC-0010;GC-0050,MP-001;MP-002;MP-003;MP-004;MP-005,hybrid,representative definition-matched transient histories only; otherwise normalized conceptual traces,direct observations solid; model-derived dotted; unavailable intervals shaded,pressure roles/types; formation/instantaneous/overshoot/stabilized state; nozzle and ambient state,KG-004,Mach-disk state is time-dependent and cannot be represented by nominal pressure alone.,medium; representative histories must not imply universal timing,high,CH02 after S05,planned,Potential quantitative inset only if QSA-02 eligibility survives production audit.
FIG-03,Gas-wave state to droplet-loading variable bridge,CH03,S07;S08;S09,"Which local state variables connect NPR/shock topology to droplet response, and where is MP-033 unvalidated?",parameter bridge with evidence gap,M03;M11,SP-002;SP-003,GC-0014;GC-0016;GC-0036;GC-0037;GC-0052,MP-006;MP-007;MP-008;MP-009;MP-011;MP-033,conceptual,parameter definitions from bridge table; no inferred HPDI values,domain-bounded direct blocks; qualitative bridge dashed; MP-033 red open connector,wave origin/location/frame; Δp/Δu state pair; typed loading duration,KG-001;KG-004;KG-005,NPR and shock geometry must pass through local p/ρ/u and duration before We/Mach response variables are meaningful.,critical if topology is drawn as a measured pilot-droplet load,critical,CH03 after S08,planned,Explicitly label no co-located HPDI validation.
FIG-04,Compressible droplet-response and breakup framework,CH04,S10;S11;S12;S13,"How do multivariable loading, internal response, and instability competition produce breakup?",mechanism/regime framework,M04;M05,SP-003;SP-008,GC-0017;GC-0019;GC-0020;GC-0021;GC-0030,MP-010;MP-011;MP-012;MP-013;MP-015;MP-016;MP-017,conceptual,definition-complete parameter roles and condition-bounded morphology categories,direct mechanism arrows solid; model-conditioned pathways dotted; source limitation footnote,Mach frame; We components; duration; d0; Oh; phase state; C004 limitation,KG-005;KG-010,We alone does not determine breakup; loading history and material/scale context organize competing paths.,high if presented as a universal regime map,critical,CH04 after S12,planned,No universal numeric thresholds in the main schematic.
FIG-05,From isolated droplets to dense sprays: collective corrections and transfer limits,CH05,S14;S15;S16,"How do shielding, arrangement, attenuation, and population effects change canonical response before HPDI transfer?",cross-scale progression schematic,M03;M04;M05;M06;M11,SP-004,GC-0022;GC-0028;GC-0052,MP-014;MP-019;MP-032,conceptual,arrangement and population descriptor taxonomy,direct within configuration solid; transfer to dense HPDI dashed with gap label,tandem/parallel; S/D; volume fraction; polydispersity; turbulence; reaction,KG-002;KG-006,"Collective mechanisms are directly observed, but dense reacting-spray transfer is not validated.",critical if ordered/dilute results are labeled dense-spray laws,critical,CH05 after S16,planned,MP-032 must be visually explicit.
FIG-06,"Breakup products to transport, evaporation, and mixture formation",CH06,S17;S18;S19;S20,How does fragment population state mediate transport and conditional phase change before the open HPDI mixture bridge?,product-state and process-coupling schematic,M06;M07;M08,SP-005;SP-008;SP-006,GC-0023;GC-0024;GC-0025;GC-0026;GC-0027;GC-0053,MP-017;MP-018;MP-020;MP-021;MP-022;MP-023;MP-024;MP-028,conceptual,fragment descriptors and conditional phase-change mechanisms,supported component arrows solid/mixed; MP-028 open red; opposing thermal mechanisms split,size; volatility; Stefan state; gas T; observation interval; chamber transport,KG-003;KG-006;KG-007;KG-009,"Fragment state matters, phase-change direction is conditional, and the shock-specific HPDI mixture contribution is unmeasured.",critical at MP-028,critical,CH06 after S20,planned,Show suppression and promotion branches separately.
FIG-07,"HPDI injection chronology, mixture, ignition, and combustion evidence chain",CH07,S21;S22;S23;S24;S25,"What is directly supported from pilot/main chronology to ignition and combustion, and where is the shock-originated cause open?",chronology and causal-status map,M08;M09;M11,SP-006,GC-0001;GC-0002;GC-0003;GC-0004;GC-0038;GC-0040;GC-0041;GC-0053,MP-025;MP-026;MP-027;MP-029,conceptual,event definitions and qualitative chronology domains; no universal optimal timing,direct A-domain chain solid; shock-mediated upstream path dashed/red at MP-029,signed ΔSOI; overlap; fuel pair; geometry; oxygen/T; operating point,KG-003;KG-009,Timing-to-ignition is directly supported; shock-to-ignition causation is not.,critical if direct timing evidence is attributed to shock,critical,CH07 after S25,planned,"Paper-specific timing cases should remain callouts, not universal curves."
FIG-08,Detonation/RDE strong-wave analogue and HPDI transfer boundary,CH08,S26;S27;S28,"What strong-wave droplet and scale insights transfer qualitatively, and what remains application-specific?",analogue-transfer matrix schematic,M10;M11,SP-007,GC-0032;GC-0033;GC-0034;GC-0035,MP-030;MP-031;MP-034,conceptual,typed RDE/detonation scale definitions and reacting/inert distinctions,direct within RDE/detonation solid; D-to-A transfer dashed; nonvalidated mapping red boundary,chemistry; post-wave state; geometry; wave multiplicity; L_E/L_D definition,KG-008;KG-003,"Strong-wave systems provide bounded analogues, not substitute HPDI proof.",high if equal Mach or scale ratios are treated as application equivalence,high,CH08 after S28,planned,Do not map L_E/L_D to HPDI without validation.
FIG-09,Closed versus unclosed mechanism and evidence-coverage map,CH09,S29;S30;S31,"Where are the strongest closures, weakest segments, and specific evidence needs across M01–M11?",evidence/gap synthesis map,M01–M11,SP-001;SP-002;SP-003;SP-004;SP-005;SP-006;SP-007;SP-008,GC-0052;GC-0053,MP-028;MP-029;MP-032;MP-033,conceptual,"Phase 10 coverage status, Phase 11 pathway classes, and KG priorities",segment strength bands plus explicit direct/indirect/cross-scale/gap symbols,application directness and definition compatibility,KG-001;KG-002;KG-003;KG-004;KG-005;KG-006;KG-007;KG-008;KG-009;KG-010,Research priorities follow from specific discontinuities rather than generic literature scarcity.,low if coverage categories remain faithful to frozen inputs,critical,CH09 opening or conclusion synthesis,planned,Summary figure; no literature-count decoration.
