interval_id,paper_id,case_id,condition_id,interval_type,start_event_id,end_event_id,reported_duration,reported_unit,normalized_duration,normalized_unit,value_status,definition,source_locator_id,verification_status,notes
INT-A020-001,A020,A020-C01,A020-C01,SOI_separation,EVT-A020-001,EVT-A020-002,0.07,ms,,,reported,Actual-SOI separation; sequence=H2 then pilot,LOC-A020-0006,verified,Direction is encoded by typed start/end events.
INT-A020-002,A020,A020-C02,A020-C02,SOI_separation,EVT-A020-003,EVT-A020-004,0.93,ms,,,reported,Actual-SOI separation; sequence=pilot then H2,LOC-A020-0006,verified,Direction is encoded by typed start/end events.
INT-A020-003,A020,A020-C03,A020-C03,SOI_separation,EVT-A020-005,EVT-A020-006,1.93,ms,,,reported,Actual-SOI separation; sequence=pilot then H2,LOC-A020-0006,verified,Direction is encoded by typed start/end events.
INT-A020-004,A020,A020-C04,A020-C04,SOI_separation,EVT-A020-007,EVT-A020-008,2.93,ms,,,reported,Actual-SOI separation; sequence=pilot then H2,LOC-A020-0006,verified,Direction is encoded by typed start/end events.
INT-A020-005,A020,A020-C05,A020-C05,SOI_separation,EVT-A020-009,EVT-A020-010,1.07,ms,,,reported,Actual-SOI separation; sequence=H2 then pilot,LOC-A020-0006,verified,Direction is encoded by typed start/end events.
INT-A020-006,A020,A020-C06,A020-C06,SOI_separation,EVT-A020-011,EVT-A020-012,2.07,ms,,,reported,Actual-SOI separation; sequence=H2 then pilot,LOC-A020-0006,verified,Direction is encoded by typed start/end events.
INT-A020-007,A020,A020-C07,A020-C07,SOI_separation,EVT-A020-013,EVT-A020-014,3.07,ms,,,reported,Actual-SOI separation; sequence=H2 then pilot,LOC-A020-0006,verified,Direction is encoded by typed start/end events.
INT-A020-008,A020,A020-C08,A020-C08,SOI_separation,EVT-A020-015,EVT-A020-016,0.07,ms,,,reported,Actual-SOI separation; sequence=H2 then pilot,LOC-A020-0006,verified,Direction is encoded by typed start/end events.
INT-A020-009,A020,A020-C09,A020-C09,SOI_separation,EVT-A020-017,EVT-A020-018,0.07,ms,,,reported,Actual-SOI separation; sequence=H2 then pilot,LOC-A020-0006,verified,Direction is encoded by typed start/end events.
INT-A022-001,A022,ALL,ALL,SOI_separation,EVT-A022-001,EVT-A022-002,0.6,ms,,,reported,Pilot SOI after H2 SOI,LOC-A022-0003,verified,Positive offset means pilot SOI occurs after H2 SOI.
INT-D003-001,D003,D003-M01,D003-M01,shock_front_passage,EVT-D003-001,EVT-D003-002,NV,,,,NV,Shock-front passage interval,LOC-D003-0004,verified,Source does not separately report a front-passage duration.
INT-D003-002,D003,D003-M01,D003-M01,shocked_state,EVT-D003-001,EVT-D003-003,60,μs,,,reported,Shocked-gas-state duration terminated by the following expansion wave,LOC-D003-0004,verified,
INT-D003-003,D003,D003-M01,D003-M01,post_shock_aerodynamic_exposure,EVT-D003-001,EVT-D003-003,NV,,,,NV,Post-shock aerodynamic exposure interval,LOC-D003-0004,verified,A distinct aerodynamic-exposure duration is not separately reported.
INT-D003-004,D003,D003-M01,D003-M01,total_forcing,EVT-D003-001,EVT-D003-003,NV,,,,NV,Total effective forcing interval,LOC-D003-0004,verified,The source supports expansion-limited forcing but does not report a separate total-forcing duration.
INT-C024-001,C024,ALL,ALL,breakup_interval,EVT-C024-001,EVT-C024-002,0.4-8.4,us,,,reported,Textual interval assigned to parent-droplet breakup.,LOC-C024-0005,verified,Range preserved exactly; no single duration derived.
INT-C024-002,C024,ALL,ALL,other_reported,EVT-C024-002,EVT-C024-003,8.4-98,us,,,reported,Child-droplet-cloud growth interval.,LOC-C024-0005,verified,Typed as other reported rather than conflated with breakup.
INT-C035-001,C035,ALL,ALL,shocked_state,EVT-C035-001,,4.5,ms,,,reported,Approximately steady post-shock test-point flow before expansion-wave arrival.,LOC-C035-0002,verified,Low-We bag rupture can extend beyond this interval.
INT-D018-001,D018,D018-B,B4,breakup_interval,EVT-D018-001,EVT-D018-002,35-40,us,,,reported,Observed interval containing complete breakup of the 530 um RP-3 B4 droplet.,LOC-D018-0008,verified,Representative 37.5+/-3.0 us retained separately as event.
INT-A013-001,A013,CORE,CORE,SOI_separation,EVT-A013-001,EVT-A013-002,NV,,,,NV,Typed interval retained without collapsing distinct physical endpoints.,LOC-A013-0002,verified,A single comparison-ready duration was not safely verified; no value was inferred.
INT-A014-001,A014,CORE,CORE,SOI_separation,EVT-A014-001,EVT-A014-002,NV,,,,NV,Typed interval retained without collapsing distinct physical endpoints.,LOC-A014-0002,verified,A single comparison-ready duration was not safely verified; no value was inferred.
INT-A018-001,A018,CORE,CORE,SOI_separation,EVT-A018-001,EVT-A018-002,NV,,,,NV,Typed interval retained without collapsing distinct physical endpoints.,LOC-A018-0002,verified,A single comparison-ready duration was not safely verified; no value was inferred.
INT-A021-001,A021,CORE,CORE,SOI_separation,EVT-A021-001,EVT-A021-002,NV,,,,NV,Typed interval retained without collapsing distinct physical endpoints.,LOC-A021-0002,verified,A single comparison-ready duration was not safely verified; no value was inferred.
INT-A024-001,A024,CORE,CORE,SOI_separation,EVT-A024-001,EVT-A024-002,NV,,,,NV,Typed interval retained without collapsing distinct physical endpoints.,LOC-A024-0002,verified,A single comparison-ready duration was not safely verified; no value was inferred.
INT-A025-001,A025,CORE,CORE,SOI_separation,EVT-A025-001,EVT-A025-002,NV,,,,NV,Typed interval retained without collapsing distinct physical endpoints.,LOC-A025-0002,verified,A single comparison-ready duration was not safely verified; no value was inferred.
INT-C001-001,C001,CORE,CORE,post_shock_aerodynamic_exposure,EVT-C001-001,EVT-C001-002,NV,,,,NV,Typed interval retained without collapsing distinct physical endpoints.,LOC-C001-0002,verified,A single comparison-ready duration was not safely verified; no value was inferred.
INT-C002-001,C002,CORE,CORE,post_shock_aerodynamic_exposure,EVT-C002-001,EVT-C002-002,NV,,,,NV,Typed interval retained without collapsing distinct physical endpoints.,LOC-C002-0001,verified,A single comparison-ready duration was not safely verified; no value was inferred.
INT-C006-001,C006,CORE,CORE,post_shock_aerodynamic_exposure,EVT-C006-001,EVT-C006-002,NV,,,,NV,Typed interval retained without collapsing distinct physical endpoints.,LOC-C006-0002,verified,A single comparison-ready duration was not safely verified; no value was inferred.
INT-C010-001,C010,CORE,CORE,post_shock_aerodynamic_exposure,EVT-C010-001,EVT-C010-002,NV,,,,NV,Typed interval retained without collapsing distinct physical endpoints.,LOC-C010-0002,verified,A single comparison-ready duration was not safely verified; no value was inferred.
INT-C015-001,C015,CORE,CORE,post_shock_aerodynamic_exposure,EVT-C015-001,EVT-C015-002,NV,,,,NV,Typed interval retained without collapsing distinct physical endpoints.,LOC-C015-0002,verified,A single comparison-ready duration was not safely verified; no value was inferred.
INT-C017-001,C017,CORE,CORE,post_shock_aerodynamic_exposure,EVT-C017-001,EVT-C017-002,NV,,,,NV,Typed interval retained without collapsing distinct physical endpoints.,LOC-C017-0002,verified,A single comparison-ready duration was not safely verified; no value was inferred.
INT-C020-001,C020,CORE,CORE,post_shock_aerodynamic_exposure,EVT-C020-001,EVT-C020-002,NV,,,,NV,Typed interval retained without collapsing distinct physical endpoints.,LOC-C020-0002,verified,A single comparison-ready duration was not safely verified; no value was inferred.
INT-C022-001,C022,CORE,CORE,post_shock_aerodynamic_exposure,EVT-C022-001,EVT-C022-002,NV,,,,NV,Typed interval retained without collapsing distinct physical endpoints.,LOC-C022-0002,verified,A single comparison-ready duration was not safely verified; no value was inferred.
INT-C023-001,C023,CORE,CORE,post_shock_aerodynamic_exposure,EVT-C023-001,EVT-C023-002,NV,,,,NV,Typed interval retained without collapsing distinct physical endpoints.,LOC-C023-0002,verified,A single comparison-ready duration was not safely verified; no value was inferred.
INT-C026-001,C026,CORE,CORE,post_shock_aerodynamic_exposure,EVT-C026-001,EVT-C026-002,NV,,,,NV,Typed interval retained without collapsing distinct physical endpoints.,LOC-C026-0002,verified,A single comparison-ready duration was not safely verified; no value was inferred.
INT-C030-001,C030,CORE,CORE,post_shock_aerodynamic_exposure,EVT-C030-001,EVT-C030-002,NV,,,,NV,Typed interval retained without collapsing distinct physical endpoints.,LOC-C030-0002,verified,A single comparison-ready duration was not safely verified; no value was inferred.
INT-C033-001,C033,CORE,CORE,post_shock_aerodynamic_exposure,EVT-C033-001,EVT-C033-002,NV,,,,NV,Typed interval retained without collapsing distinct physical endpoints.,LOC-C033-0002,verified,A single comparison-ready duration was not safely verified; no value was inferred.
INT-C034-001,C034,CORE,CORE,post_shock_aerodynamic_exposure,EVT-C034-001,EVT-C034-002,NV,,,,NV,Typed interval retained without collapsing distinct physical endpoints.,LOC-C034-0002,verified,A single comparison-ready duration was not safely verified; no value was inferred.
INT-A007-001,A007,A007-RCEM,A007-RCEM,SOI_separation,EVT-A007-002,EVT-A007-003,-2.5 to +1.5,ms,,,reported,Gas SOI minus pilot SOI.,LOC-A007-0002,verified,Signed operating range.
INT-B021-001,B021,B021-ICE,B021-ICE,injection_duration,EVT-B021-001,EVT-B021-002,4.9,ms,0.0049,s,reported,Modeled ICE injection interval.,LOC-B021-0005,verified,
