link_id,tier3_paper_id,tier3_candidate_claim_id,core_tier,core_paper_id,core_candidate_claim_id_or_anchor,link_type,shared_parameter_or_mechanism,tier3_source_locator_id,confidence,retain_for_global_consolidation,status,notes
T3LINK-0001,A003,T3-A003-C01,tier1,A020,PILOT-A020-C01,corroborates,injection interval and pilot-main interaction chronology,LOC-A003-0001,high,YES,candidate,Strong candidate link only; global consolidation deferred to Phase 10.
T3LINK-0002,A010,T3-A010-C01,tier1,A030,T1-A030-C01,supports_mechanism,injection sequence controls premixed versus mixing-controlled combustion,LOC-A010-0001,high,YES,candidate,Strong candidate link only; global consolidation deferred to Phase 10.
T3LINK-0003,A017,T3-A017-C01,tier1,A030,T1-A030-C02,extends_scale,jet geometry and mixture-formation control,LOC-A017-0001,high,YES,candidate,Strong candidate link only; global consolidation deferred to Phase 10.
T3LINK-0004,A019,T3-A019-C01,tier1,A030,T1-A030-C01,corroborates,timing-driven premixed/mixing-controlled transition,LOC-A019-0001,high,YES,candidate,Strong candidate link only; global consolidation deferred to Phase 10.
T3LINK-0005,A023,T3-A023-C01,tier1,A026,T1-A026-C02,extends_condition,hydrogen timing controls premixed/mixing-controlled balance,LOC-A023-0001,high,YES,candidate,Strong candidate link only; global consolidation deferred to Phase 10.
T3LINK-0006,A027,T3-A027-C01,tier1,A030,T1-A030-C01,review_secondary_support,injection-strategy control of dual-fuel combustion,LOC-A027-0001,high,YES,candidate,Strong candidate link only; global consolidation deferred to Phase 10.
T3LINK-0007,B001,T3-B001-C01,tier1,B004,T1-B004-C02,extends_method,near-field shock structure to far-field similarity,LOC-B001-0001,high,YES,candidate,Strong candidate link only; global consolidation deferred to Phase 10.
T3LINK-0008,B010,T3-B010-C01,tier1,B009,T1-B009-C02,extends_fuel_or_species,matched-NPR gas-species effects on shock structure and mixing,LOC-B010-0001,high,YES,candidate,Strong candidate link only; global consolidation deferred to Phase 10.
T3LINK-0009,B014,T3-B014-C01,tier1,B029,PILOT-B029-C01,extends_condition,injector transient history controls jet development,LOC-B014-0001,high,YES,candidate,Strong candidate link only; global consolidation deferred to Phase 10.
T3LINK-0010,B015,T3-B015-C01,tier1,B028,T1-B028-C01,extends_condition,pressure-ratio control of hydrogen-jet development,LOC-B015-0001,high,YES,candidate,Strong candidate link only; global consolidation deferred to Phase 10.
T3LINK-0011,B020,T3-B020-C01,tier1,B004,T1-B004-C01,provides_boundary_condition,near-field shock structure and mixing boundary,LOC-B020-0001,high,YES,candidate,Strong candidate link only; global consolidation deferred to Phase 10.
T3LINK-0012,B022,T3-B022-C01,tier1,B028,T1-B028-C02,extends_condition,nozzle geometry controls shear-layer growth and mixing,LOC-B022-0001,high,YES,candidate,Strong candidate link only; global consolidation deferred to Phase 10.
T3LINK-0013,B025,T3-B025-C01,tier1,B009,T1-B009-C01,corroborates,pressure-ratio-dependent Mach-disk dimensions,LOC-B025-0001,high,YES,candidate,Strong candidate link only; global consolidation deferred to Phase 10.
T3LINK-0014,B027,T3-B027-C01,tier1,B028,T1-B028-C01,supports_mechanism,shock-vortex organization of hydrogen-jet mixing,LOC-B027-0001,high,YES,candidate,Strong candidate link only; global consolidation deferred to Phase 10.
T3LINK-0015,C003,T3-C003-C01,tier1,C007,T1-C007-C03,historical_context,secondary-atomization mechanism and terminology,LOC-C003-0001,high,YES,candidate,Strong candidate link only; global consolidation deferred to Phase 10.
T3LINK-0016,C008,T3-C008-C01,tier1,C007,T1-C007-C02,provides_boundary_condition,compressibility effects on droplet breakup response,LOC-C008-0001,high,YES,candidate,Strong candidate link only; global consolidation deferred to Phase 10.
T3LINK-0017,C009,T3-C009-C01,tier1,C025,T1-C025-C01,supports_mechanism,shock/supersonic loading controls piercing and breakup morphology,LOC-C009-0001,high,YES,candidate,Strong candidate link only; global consolidation deferred to Phase 10.
T3LINK-0018,C012,T3-C012-C01,tier1,C016,PILOT-C016-C01,extends_method,visual separation of early wave and later aerodynamic breakup stages,LOC-C012-0001,high,YES,candidate,Strong candidate link only; global consolidation deferred to Phase 10.
T3LINK-0019,C013,T3-C013-C01,tier1,C007,T1-C007-C03,supports_mechanism,wave cascade terminates through ligament-mediated fragmentation,LOC-C013-0001,high,YES,candidate,Strong candidate link only; global consolidation deferred to Phase 10.
T3LINK-0020,C027,T3-C027-C01,tier1,C024,T1-C024-C01,provides_boundary_condition,breakup and vaporization under high-speed compressible loading,LOC-C027-0001,high,YES,candidate,Strong candidate link only; global consolidation deferred to Phase 10.
T3LINK-0021,C028,T3-C028-C01,tier1,C031,PILOT-C031-C01,extends_method,phase-change/interface coupling modifies shock-droplet response,LOC-C028-0001,high,YES,candidate,Strong candidate link only; global consolidation deferred to Phase 10.
T3LINK-0022,C032,T3-C032-C01,tier2,C030,T2-C030-C02,provides_boundary_condition,phase change and thermal effects modify breakup,LOC-C032-0001,high,YES,candidate,Strong candidate link only; global consolidation deferred to Phase 10.
T3LINK-0023,D004,T3-D004-C01,tier2,D005,T2-D005-C01,provides_boundary_condition,shock-wave effects on diesel-spray penetration and angle,LOC-D004-0001,high,YES,candidate,Strong candidate link only; global consolidation deferred to Phase 10.
T3LINK-0024,D006,T3-D006-C01,tier1,D009,PILOT-D009-C02,extends_fuel_or_species,evaporation completeness controls detonation propagation/stability,LOC-D006-0001,high,YES,candidate,Strong candidate link only; global consolidation deferred to Phase 10.
T3LINK-0025,D008,T3-D008-C01,tier1,D009,PILOT-D009-C02,extends_condition,evaporation completeness and unburned pockets govern wave stability,LOC-D008-0001,high,YES,candidate,Strong candidate link only; global consolidation deferred to Phase 10.
T3LINK-0026,D012,T3-D012-C01,tier1,D009,PILOT-D009-C02,extends_fuel_or_species,evaporation-scale control of rotating-detonation wave response,LOC-D012-0001,high,YES,candidate,Strong candidate link only; global consolidation deferred to Phase 10.
T3LINK-0027,A001,T3-A001-C01,tier2,A002,T2-A002-C01,corroborates,load-dependent injection-pressure/mixing benefit,LOC-A001-0002,high,YES,candidate,Phase 9.1 scientific link; global consolidation deferred.
T3LINK-0028,A006,T3-A006-C01,tier2,A011,T2-A011-C01,extends_application_context,premixing degree and combustion regime,LOC-A006-0002,high,YES,candidate,Phase 9.1 scientific link; global consolidation deferred.
T3LINK-0029,A008,T3-A008-C01,tier1,A007,T1-A007-C01,supports_mechanism,overlap-sensitive pilot ignition and misfire,LOC-A008-0003,high,YES,candidate,Phase 9.1 scientific link; global consolidation deferred.
T3LINK-0030,B006,T3-B006-C01,tier1,B021,T1-B021-C01,corroborates,pressure-ratio-controlled underexpanded-jet structure,LOC-B006-0002,high,YES,candidate,Phase 9.1 scientific link; global consolidation deferred.
T3LINK-0031,B018,T3-B018-C01,tier1,B021,T1-B021-C02,extends_transient_context,time-varying NPR and Mach-disk position,LOC-B018-0002,high,YES,candidate,Phase 9.1 scientific link; global consolidation deferred.
T3LINK-0032,C005,T3-C005-C01,tier2,C036,T2-C036-C01,extends_regime_context,Weber-number breakup modes and interface deformation,LOC-C005-0003,high,YES,candidate,Phase 9.1 scientific link; global consolidation deferred.
T3LINK-0033,C011,T3-C011-C01,tier1,D019,T1-D019-C03,supports_mechanism,early shock impulse and droplet deformation topology,LOC-C011-0002,high,YES,candidate,Phase 9.1 scientific link; global consolidation deferred.
