global_claim_id,candidate_claim_id,paper_id,reading_tier,library,relation_to_claim,support_type,evidence_grade,evidence_directness,method_type,quantitative_level,condition_compatibility,source_locator_id,boundary_conditions,limitations,review_mainline_role,verification_status,notes
GC-0001,T1-A007-C02,A007,tier1,A,supports,experimental_correlation,moderate,direct,experimental,quantitative_or_parameterized,partial,LOC-A007-0006,"Direction and optimum depend on injection sequence, dwell definition, ambient state, fuel pair, and engine geometry.",HRR is model-derived and hot-product heat losses are neglected; curves were not digitized.,M08;M09,verified,Candidate contribution: primary_experimental; normalization=cluster.
GC-0001,T1-A030-C01,A030,tier1,A,secondary_support,author_interpretation,contextual,secondary,review,directional_qualitative,partial,LOC-A030-0005,"Direction and optimum depend on injection sequence, dwell definition, ambient state, fuel pair, and engine geometry.",Secondary synthesis; study conditions and definitions vary.,M08;M09,verified,Candidate contribution: review_synthesis; normalization=cluster.
GC-0001,T2-A009-C02,A009,tier2,A,supports,experimental_correlation,moderate,direct,experimental,directional_qualitative,partial,LOC-A009-0002,"Direction and optimum depend on injection sequence, dwell definition, ambient state, fuel pair, and engine geometry.",RCM abstraction limits direct full-engine transfer.,M08;M09,verified,Candidate contribution: reported result; normalization=cluster.
GC-0001,T2-A011-C01,A011,tier2,A,supports,direct_observation,strong,direct,experimental,directional_qualitative,partial,LOC-A011-0002,"Direction and optimum depend on injection sequence, dwell definition, ambient state, fuel pair, and engine geometry.","Optical engine had low compression ratio, cylindrical bowl, and line-of-sight imaging.",M08;M09,verified,Candidate contribution: reported result; normalization=cluster.
GC-0001,T2-A018-C02,A018,tier2,A,supports,direct_observation,strong,direct,experimental,quantitative_or_parameterized,partial,LOC-A018-0002,"Direction and optimum depend on injection sequence, dwell definition, ambient state, fuel pair, and engine geometry.",Claim is a paper-level candidate localized to the canonical PDF; cross-paper adjudication and final evidence verification remain pending.,M08;M09,verified,Candidate contribution: direct_observation; normalization=cluster.
GC-0001,T2-A018-C03,A018,tier2,A,supports,author_interpretation,supporting,indirect,not_specified,quantitative_or_parameterized,partial,LOC-A018-0002,"Direction and optimum depend on injection sequence, dwell definition, ambient state, fuel pair, and engine geometry.",Claim is a paper-level candidate localized to the canonical PDF; cross-paper adjudication and final evidence verification remain pending.,M08;M09,verified,Candidate contribution: author_interpretation; normalization=cluster.
GC-0001,T2-A025-C01,A025,tier2,A,supports,author_interpretation,supporting,indirect,not_specified,quantitative_or_parameterized,partial,LOC-A025-0002,"Direction and optimum depend on injection sequence, dwell definition, ambient state, fuel pair, and engine geometry.",Claim is a paper-level candidate localized to the canonical PDF; cross-paper adjudication and final evidence verification remain pending.,M08;M09,verified,Candidate contribution: author_interpretation; normalization=cluster.
GC-0001,T3-A006-C01,A006,tier3,A,supports,direct_observation,strong,direct,experimental,quantitative_or_parameterized,partial,LOC-A006-0002,"Direction and optimum depend on injection sequence, dwell definition, ambient state, fuel pair, and engine geometry.",Optimized at one mode; CFD did not correctly predict premixed NG ignition.,M08;M09,verified,Candidate contribution: reported result; normalization=cluster.
GC-0001,T3-A010-C01,A010,tier3,A,supports,model_based,supporting,indirect,numerical,quantitative_or_parameterized,partial,LOC-A010-0001,"Direction and optimum depend on injection sequence, dwell definition, ambient state, fuel pair, and engine geometry.",Model-resolved engine evidence; the optimum depends on the modeled combustion mode and EGR setting.,M08;M09,verified,Candidate contribution: mechanism_support; normalization=cluster.
GC-0001,T3-A019-C01,A019,tier3,A,supports,experimental_correlation,moderate,direct,experimental,quantitative_or_parameterized,partial,LOC-A019-0001,"Direction and optimum depend on injection sequence, dwell definition, ambient state, fuel pair, and engine geometry.","The crossover timing and performance tradeoff are specific to this engine, load, speed, and fixed combustion phasing.",M08;M09,verified,Candidate contribution: independent_support; normalization=cluster.
GC-0001,T3-A023-C01,A023,tier3,A,supports,experimental_correlation,moderate,direct,experimental,directional_qualitative,partial,LOC-A023-0001,"Direction and optimum depend on injection sequence, dwell definition, ambient state, fuel pair, and engine geometry.",Small-bore single-cylinder engine and fixed intermediate load; the roles are strategy-specific.,M08;M09,verified,Candidate contribution: additional_condition; normalization=cluster.
GC-0002,T1-A007-C01,A007,tier1,A,supports,experimental_correlation,moderate,direct,experimental,directional_qualitative,partial,LOC-A007-0005,"Evidence spans RCEM, vessel, engine, and CFD configurations; overlap metrics and ambient reactivity are not uniform.","Single RCEM operating point, two separate single-hole injectors, no swirl or neighboring jets.",M08;M09,verified,Candidate contribution: primary_experimental; normalization=cluster.
GC-0002,T1-A007-C03,A007,tier1,A,supports,author_interpretation,supporting,indirect,not_specified,quantitative_or_parameterized,partial,LOC-A007-0007,"Evidence spans RCEM, vessel, engine, and CFD configurations; overlap metrics and ambient reactivity are not uniform.","Design transfer to engines remains contingent on swirl, walls, and adjacent jets.",M08;M09,verified,Candidate contribution: author_interpretation; normalization=cluster.
GC-0002,PILOT-A020-C01,A020,pilot,A,supports,author_interpretation,supporting,indirect,experimental,quantitative_or_parameterized,partial,LOC-A020-0008,"Evidence spans RCEM, vessel, engine, and CFD configurations; overlap metrics and ambient reactivity are not uniform.",Specific to the converging CVCC configuration.,M08;M09,verified,Candidate contribution: direct_observation; normalization=cluster.
GC-0002,PILOT-A022-C01,A022,pilot,A,supports,direct,strong,direct,experimental,quantitative_or_parameterized,partial,LOC-A022-0008,"Evidence spans RCEM, vessel, engine, and CFD configurations; overlap metrics and ambient reactivity are not uniform.",Pilot ignition itself can be slightly delayed at larger angle.,M08;M09,verified,Candidate contribution: direct_observation; normalization=cluster.
GC-0002,T2-A009-C01,A009,tier2,A,supports,direct_observation,strong,direct,experimental,directional_qualitative,partial,LOC-A009-0002,"Evidence spans RCEM, vessel, engine, and CFD configurations; overlap metrics and ambient reactivity are not uniform.","Single free-jet arrangement without wall, swirl, or neighboring-jet effects.",M08;M09,verified,Candidate contribution: reported result; normalization=cluster.
GC-0002,T2-A012-C01,A012,tier2,A,supports,simulation_resolved,moderate,direct,numerical,qualitative,partial,LOC-A012-0003,"Evidence spans RCEM, vessel, engine, and CFD configurations; overlap metrics and ambient reactivity are not uniform.",Single operating point and model-dependent chemistry/turbulence representation.,M08;M09,verified,Candidate contribution: reported result; normalization=cluster.
GC-0002,T2-A014-C02,A014,tier2,A,supports,author_interpretation,supporting,indirect,not_specified,qualitative,partial,LOC-A014-0002,"Evidence spans RCEM, vessel, engine, and CFD configurations; overlap metrics and ambient reactivity are not uniform.",Claim is a paper-level candidate localized to the canonical PDF; cross-paper adjudication and final evidence verification remain pending.,M08;M09,verified,Candidate contribution: author_interpretation; normalization=cluster.
GC-0002,T2-A014-C03,A014,tier2,A,supports,author_interpretation,supporting,indirect,not_specified,quantitative_or_parameterized,partial,LOC-A014-0002,"Evidence spans RCEM, vessel, engine, and CFD configurations; overlap metrics and ambient reactivity are not uniform.",Claim is a paper-level candidate localized to the canonical PDF; cross-paper adjudication and final evidence verification remain pending.,M08;M09,verified,Candidate contribution: author_interpretation; normalization=cluster.
GC-0002,T3-A008-C01,A008,tier3,A,supports,simulation_resolved,moderate,direct,numerical,qualitative,partial,LOC-A008-0003,"Evidence spans RCEM, vessel, engine, and CFD configurations; overlap metrics and ambient reactivity are not uniform.",Model validation used an RCEM abstraction and reduced injector geometry; A008 machine metadata identity coverage was 0.9091 but PDF identity was visually verified.,M08;M09,verified,Candidate contribution: reported result; normalization=cluster.
GC-0003,T2-A002-C01,A002,tier2,A,supports,simulation_resolved,moderate,direct,numerical,directional_qualitative,partial,LOC-A002-0003,"Load, engine speed, nozzle flow area, injection timing, and pressure definition limit direct comparison.",Single engine architecture; transient-cycle performance was not evaluated.,M01;M08;M09,verified,Candidate contribution: reported result; normalization=cluster.
GC-0003,T2-A002-C02,A002,tier2,A,supports,direct_observation,strong,direct,experimental,directional_qualitative,partial,LOC-A002-0003,"Load, engine speed, nozzle flow area, injection timing, and pressure definition limit direct comparison.",Tradeoffs depend on operating point and nozzle design.,M01;M08;M09,verified,Candidate contribution: reported result; normalization=cluster.
GC-0003,T2-A011-C02,A011,tier2,A,supports,direct_observation,strong,direct,experimental,directional_qualitative,partial,LOC-A011-0002,"Load, engine speed, nozzle flow area, injection timing, and pressure definition limit direct comparison.",Results are bounded by the optical engine configuration.,M01;M08;M09,verified,Candidate contribution: reported result; normalization=cluster.
GC-0003,T3-A001-C01,A001,tier3,A,supports,direct_observation,strong,direct,experimental,quantitative_or_parameterized,partial,LOC-A001-0002,"Load, engine speed, nozzle flow area, injection timing, and pressure definition limit direct comparison.",Engineand operating-map-specific; multiple higher-order interactions were significant.,M01;M08;M09,verified,Candidate contribution: reported result; normalization=cluster.
GC-0003,T3-A003-C01,A003,tier3,A,supports,experimental_correlation,moderate,direct,experimental,directional_qualitative,partial,LOC-A003-0001,"Load, engine speed, nozzle flow area, injection timing, and pressure definition limit direct comparison.",Engine-specific operating range; correlated parameter effects do not establish a universal optimum.,M01;M08;M09,verified,Candidate contribution: independent_support; normalization=cluster.
GC-0004,PILOT-A016-C01,A016,pilot,A,supports,author_interpretation,supporting,indirect,numerical,qualitative,partial,LOC-A016-0009,Geometry effects are chamber- and operating-point-specific and include both measured and model-resolved evidence.,"Model-resolved, not directly measured in the engine.",M08;M09,verified,Candidate contribution: simulation_resolved; normalization=cluster.
GC-0004,PILOT-A016-C02,A016,pilot,A,supports,direct,supporting,direct,numerical,quantitative_or_parameterized,partial,LOC-A016-0010,Geometry effects are chamber- and operating-point-specific and include both measured and model-resolved evidence.,Do not generalize the optimum beyond this operating point/model.,M08;M09,verified,Candidate contribution: simulation_resolved; normalization=cluster.
GC-0004,T2-A005-C01,A005,tier2,A,supports,simulation_resolved,moderate,direct,numerical,quantitative_or_parameterized,partial,LOC-A005-0002,Geometry effects are chamber- and operating-point-specific and include both measured and model-resolved evidence.,Specific paired geometries and engine operating range.,M08;M09,verified,Candidate contribution: reported result; normalization=cluster.
GC-0004,T2-A005-C02,A005,tier2,A,supports,author_interpretation,supporting,indirect,not_specified,directional_qualitative,partial,LOC-A005-0002,Geometry effects are chamber- and operating-point-specific and include both measured and model-resolved evidence.,Soot mechanism is inferred from mixture-state residence rather than directly resolved particulate chemistry.,M08;M09,verified,Candidate contribution: author interpretation; normalization=cluster.
GC-0004,T1-A030-C02,A030,tier1,A,secondary_support,author_interpretation,contextual,secondary,review,quantitative_or_parameterized,partial,LOC-A030-0002,Geometry effects are chamber- and operating-point-specific and include both measured and model-resolved evidence.,Limited primary literature and line-of-sight diagnostics constrain generality.,M08;M09,verified,Candidate contribution: review_synthesis; normalization=cluster.
GC-0004,T3-A017-C01,A017,tier3,A,supports,experimental_correlation,moderate,direct,experimental,directional_qualitative,partial,LOC-A017-0001,Geometry effects are chamber- and operating-point-specific and include both measured and model-resolved evidence.,One medium-to-high-load engine condition; design variables are coupled.,M08;M09,verified,Candidate contribution: additional_scale; normalization=cluster.
GC-0005,T1-A029-C01,A029,tier1,A,secondary_support,author_interpretation,contextual,secondary,review,directional_qualitative,partial,LOC-A029-0003,This claim is review-secondary and does not substitute for primary confirmation under a single standardized condition set.,Broad review; fuel pairs and facilities are heterogeneous.,M08;M09,verified,Candidate contribution: review_synthesis; normalization=cluster.
GC-0005,T1-A029-C02,A029,tier1,A,secondary_support,author_interpretation,contextual,secondary,review,directional_qualitative,partial,LOC-A029-0002,This claim is review-secondary and does not substitute for primary confirmation under a single standardized condition set.,Secondary synthesis; numerical values from cited papers are not entered as primary records.,M08;M09,verified,Candidate contribution: review_synthesis; normalization=cluster.
GC-0005,T3-A027-C01,A027,tier3,A,secondary_support,review_secondary,contextual,secondary,review,qualitative,partial,LOC-A027-0001,This claim is review-secondary and does not substitute for primary confirmation under a single standardized condition set.,Secondary evidence only; heterogeneous cited definitions and conditions must be checked against primary papers before quantitative use.,M08;M09,verified,Candidate contribution: review_secondary; normalization=cluster.
GC-0006,T1-B009-C01,B009,tier1,B,supports,simulation_resolved,moderate,direct,numerical,quantitative_or_parameterized,high,LOC-B009-0007,"Pressure roles, absolute/gauge basis, nozzle geometry, gas species, and state qualifier must be compatible.","LES, one nozzle geometry, ambient conditions below many engine conditions.",M02,verified,Candidate contribution: simulation_resolved; normalization=cluster.
GC-0006,T1-B021-C01,B021,tier1,B,supports,simulation_resolved,moderate,direct,numerical,quantitative_or_parameterized,high,LOC-B021-0004,"Pressure roles, absolute/gauge basis, nozzle geometry, gas species, and state qualifier must be compatible.","RANS, convergent nozzle, selected gas/EoS and steady axisymmetric configuration.",M02,verified,Candidate contribution: primary_numerical; normalization=cluster.
GC-0006,T2-B003-C01,B003,tier2,B,supports,simulation_resolved,moderate,direct,numerical,quantitative_or_parameterized,high,LOC-B003-0002,"Pressure roles, absolute/gauge basis, nozzle geometry, gas species, and state qualifier must be compatible.",Claim is a paper-level candidate localized to the canonical PDF; cross-paper adjudication and final evidence verification remain pending.,M02,verified,Candidate contribution: simulation_resolved; normalization=cluster.
GC-0006,T2-B030-C01,B030,tier2,B,supports,author_interpretation,supporting,indirect,not_specified,quantitative_or_parameterized,high,LOC-B030-0002,"Pressure roles, absolute/gauge basis, nozzle geometry, gas species, and state qualifier must be compatible.",Claim is a paper-level candidate localized to the canonical PDF; cross-paper adjudication and final evidence verification remain pending.,M02,verified,Candidate contribution: author_interpretation; normalization=cluster.
GC-0006,T2-B030-C02,B030,tier2,B,supports,author_interpretation,supporting,indirect,not_specified,quantitative_or_parameterized,high,LOC-B030-0002,"Pressure roles, absolute/gauge basis, nozzle geometry, gas species, and state qualifier must be compatible.",Claim is a paper-level candidate localized to the canonical PDF; cross-paper adjudication and final evidence verification remain pending.,M02,verified,Candidate contribution: author_interpretation; normalization=cluster.
GC-0006,T3-B025-C01,B025,tier3,B,supports,simulation_resolved,moderate,direct,numerical,quantitative_or_parameterized,high,LOC-B025-0001,"Pressure roles, absolute/gauge basis, nozzle geometry, gas species, and state qualifier must be compatible.",CFD method and transitional regime; quantitative comparison requires compatible pressure definitions and geometry.,M02,verified,Candidate contribution: additional_method; normalization=cluster.
GC-0007,PILOT-B013-C01,B013,pilot,B,supports,direct,supporting,direct,numerical,quantitative_or_parameterized,partial,LOC-B013-0006,"Transient histories, injector types, and chamber-pressure ranges differ; a scalar NPR cannot represent every case.",Exact time symbols in extracted text were visually checked against the μs-scale figure context.,M01;M02,verified,Candidate contribution: simulation_resolved; normalization=cluster.
GC-0007,PILOT-B029-C01,B029,pilot,B,supports,direct,supporting,direct,numerical,quantitative_or_parameterized,partial,LOC-B029-0008,"Transient histories, injector types, and chamber-pressure ranges differ; a scalar NPR cannot represent every case.",Curves were not digitized; only explicitly stated times and stable averages were extracted.,M01;M02,verified,Candidate contribution: simulation_resolved; normalization=cluster.
GC-0007,T1-B021-C02,B021,tier1,B,supports,simulation_resolved,moderate,direct,numerical,quantitative_or_parameterized,partial,LOC-B021-0006,"Transient histories, injector types, and chamber-pressure ranges differ; a scalar NPR cannot represent every case.",Result depends on the modeled NPR variation rate and should not be generalized to faster transients.,M01;M02,verified,Candidate contribution: primary_numerical; normalization=cluster.
GC-0007,T2-B017-C01,B017,tier2,B,supports,author_interpretation,supporting,indirect,not_specified,quantitative_or_parameterized,partial,LOC-B017-0002,"Transient histories, injector types, and chamber-pressure ranges differ; a scalar NPR cannot represent every case.",Claim is a paper-level candidate localized to the canonical PDF; cross-paper adjudication and final evidence verification remain pending.,M01;M02,verified,Candidate contribution: author_interpretation; normalization=cluster.
GC-0007,T2-B017-C02,B017,tier2,B,supports,author_interpretation,supporting,indirect,not_specified,quantitative_or_parameterized,partial,LOC-B017-0002,"Transient histories, injector types, and chamber-pressure ranges differ; a scalar NPR cannot represent every case.",Claim is a paper-level candidate localized to the canonical PDF; cross-paper adjudication and final evidence verification remain pending.,M01;M02,verified,Candidate contribution: author_interpretation; normalization=cluster.
GC-0007,T2-B017-C03,B017,tier2,B,supports,author_interpretation,supporting,indirect,not_specified,quantitative_or_parameterized,partial,LOC-B017-0003,"Transient histories, injector types, and chamber-pressure ranges differ; a scalar NPR cannot represent every case.",Claim is a paper-level candidate localized to the canonical PDF; cross-paper adjudication and final evidence verification remain pending.,M01;M02,verified,Candidate contribution: author_interpretation; normalization=cluster.
GC-0007,T3-B014-C01,B014,tier3,B,supports,direct_observation,strong,direct,experimental,quantitative_or_parameterized,partial,LOC-B014-0001,"Transient histories, injector types, and chamber-pressure ranges differ; a scalar NPR cannot represent every case.",Optical concentration inference and injector-specific geometry; no direct Mach-disk measurement is used for the claim.,M01;M02,verified,Candidate contribution: additional_condition; normalization=cluster.
GC-0007,T3-B018-C01,B018,tier3,B,supports,direct_observation,strong,direct,experimental,quantitative_or_parameterized,partial,LOC-B018-0002,"Transient histories, injector types, and chamber-pressure ranges differ; a scalar NPR cannot represent every case.",Single injector and low absolute injection-pressure range; LES opening transient uncertain.,M01;M02,verified,Candidate contribution: reported result; normalization=cluster.
GC-0008,PILOT-B011-C02,B011,pilot,B,supports,author_interpretation,supporting,indirect,not_specified,qualitative,partial,LOC-B011-0007,"Species effects remain coupled to nozzle-exit turbulence, density, thermodynamics, and numerical treatment.",Gas properties and modeled conditions are coupled.,M02;M08,verified,Candidate contribution: author_interpretation; normalization=cluster.
GC-0008,T1-B009-C02,B009,tier1,B,supports,author_interpretation,supporting,indirect,numerical,quantitative_or_parameterized,partial,LOC-B009-0007,"Species effects remain coupled to nozzle-exit turbulence, density, thermodynamics, and numerical treatment.",Attribution is model-based and gas-property effects are coupled.,M02;M08,verified,Candidate contribution: simulation_resolved; normalization=cluster.
GC-0008,T3-B010-C01,B010,tier3,B,supports,simulation_resolved,moderate,direct,numerical,quantitative_or_parameterized,partial,LOC-B010-0001,"Species effects remain coupled to nozzle-exit turbulence, density, thermodynamics, and numerical treatment.",One matched NPR and Reynolds-number range; gas properties remain coupled.,M02;M08,verified,Candidate contribution: additional_fuel_or_species; normalization=cluster.
GC-0009,T1-B009-C03,B009,tier1,B,supports,simulation_resolved,moderate,direct,numerical,quantitative_or_parameterized,partial,LOC-B009-0007,"Nozzle geometry, ambient density, transient stage, and penetration definition prevent a universal monotonic scaling.",The proposed optimum near NPR 100 is explicitly tentative and geometry-specific.,M01;M06;M08,verified,Candidate contribution: simulation_resolved; normalization=cluster.
GC-0009,T1-B028-C01,B028,tier1,B,supports,simulation_resolved,moderate,direct,mixed,quantitative_or_parameterized,partial,LOC-B028-0009,"Nozzle geometry, ambient density, transient stage, and penetration definition prevent a universal monotonic scaling.",Axisymmetric/nonreacting models and late-stage 3D limitations.,M01;M06;M08,verified,Candidate contribution: mixed_experimental_numerical; normalization=cluster.
GC-0009,T2-B003-C03,B003,tier2,B,supports,model_based,supporting,indirect,numerical,quantitative_or_parameterized,partial,LOC-B003-0002,"Nozzle geometry, ambient density, transient stage, and penetration definition prevent a universal monotonic scaling.",Claim is a paper-level candidate localized to the canonical PDF; cross-paper adjudication and final evidence verification remain pending.,M01;M06;M08,verified,Candidate contribution: model_based; normalization=cluster.
GC-0009,T2-B024-C02,B024,tier2,B,supports,author_interpretation,supporting,indirect,not_specified,quantitative_or_parameterized,partial,LOC-B024-0002,"Nozzle geometry, ambient density, transient stage, and penetration definition prevent a universal monotonic scaling.",Claim is a paper-level candidate localized to the canonical PDF; cross-paper adjudication and final evidence verification remain pending.,M01;M06;M08,verified,Candidate contribution: author_interpretation; normalization=cluster.
GC-0009,T2-B024-C03,B024,tier2,B,supports,author_interpretation,supporting,indirect,not_specified,directional_qualitative,partial,LOC-B024-0002,"Nozzle geometry, ambient density, transient stage, and penetration definition prevent a universal monotonic scaling.",Claim is a paper-level candidate localized to the canonical PDF; cross-paper adjudication and final evidence verification remain pending.,M01;M06;M08,verified,Candidate contribution: author_interpretation; normalization=cluster.
GC-0009,T3-B006-C01,B006,tier3,B,supports,direct_observation,strong,direct,experimental,quantitative_or_parameterized,partial,LOC-B006-0002,"Nozzle geometry, ambient density, transient stage, and penetration definition prevent a universal monotonic scaling.",Quiescent chamber and far-field similarity treatment; virtual-origin/near-field corrections remained uncertain.,M01;M06;M08,verified,Candidate contribution: reported result; normalization=cluster.
GC-0009,T3-B015-C01,B015,tier3,B,supports,experimental_correlation,moderate,direct,experimental,quantitative_or_parameterized,partial,LOC-B015-0001,"Nozzle geometry, ambient density, transient stage, and penetration definition prevent a universal monotonic scaling.",Outward-opening injector only; pressure-ratio definition and evolving chamber pressure limit direct comparison with steady round jets.,M01;M06;M08,verified,Candidate contribution: additional_condition; normalization=cluster.
GC-0010,PILOT-B011-C01,B011,pilot,B,supports,direct,supporting,direct,numerical,qualitative,partial,LOC-B011-0007,Fixed-NPR and fixed-injection-pressure comparisons are not interchangeable; gas species and chamber states vary.,Applies to the simulated H2 NPR-10 cases.,M01;M02;M08,verified,Candidate contribution: simulation_resolved; normalization=cluster.
GC-0010,T1-B021-C03,B021,tier1,B,supports,simulation_resolved,moderate,direct,numerical,quantitative_or_parameterized,partial,LOC-B021-0008,Fixed-NPR and fixed-injection-pressure comparisons are not interchangeable; gas species and chamber states vary.,Multi-jet analysis is preliminary; parallel geometry and NPR 10 only.,M01;M02;M08,verified,Candidate contribution: primary_numerical; normalization=cluster.
GC-0010,T1-B028-C03,B028,tier1,B,supports,experimental_correlation,moderate,direct,mixed,quantitative_or_parameterized,partial,LOC-B028-0009,Fixed-NPR and fixed-injection-pressure comparisons are not interchangeable; gas species and chamber states vary.,"Nonreacting hydrogen; source uses an external property database within its own model, not the project extraction.",M01;M02;M08,verified,Candidate contribution: mixed_experimental_numerical; normalization=cluster.
GC-0011,T1-B028-C02,B028,tier1,B,supports,experimental_correlation,moderate,direct,mixed,quantitative_or_parameterized,partial,LOC-B028-0009,"Diameter, shape, spacing, and pressure ratio were not varied in a common factorial design.",One fixed pressure ratio and temperature for the diameter sweep.,M01;M02;M08,verified,Candidate contribution: mixed_experimental_numerical; normalization=cluster.
GC-0011,T3-B022-C01,B022,tier3,B,supports,simulation_resolved,moderate,direct,numerical,quantitative_or_parameterized,partial,LOC-B022-0001,"Diameter, shape, spacing, and pressure ratio were not varied in a common factorial design.",Numerical free-jet configurations; shape and aspect-ratio effects are coupled.,M01;M02;M08,verified,Candidate contribution: additional_condition; normalization=cluster.
GC-0012,T1-B004-C02,B004,tier1,B,secondary_support,author_interpretation,contextual,secondary,review,qualitative,partial,LOC-B004-0007,"Universal decay constants and notional-nozzle choices remain unresolved, especially for supersonic exits.",Primarily sonic-exit studies; limited coverage of supersonic-exit Mach-number effects.,M02;M03;M08,verified,Candidate contribution: review_synthesis; normalization=cluster.
GC-0012,T3-B001-C01,B001,tier3,B,supports,model_based,supporting,indirect,numerical,quantitative_or_parameterized,partial,LOC-B001-0001,"Universal decay constants and notional-nozzle choices remain unresolved, especially for supersonic exits.",Safety-release configurations and model validation ranges; not an engine-transient experiment.,M02;M03;M08,verified,Candidate contribution: additional_method; normalization=cluster.
GC-0012,T3-B020-C01,B020,tier3,B,qualifies,direct_observation,strong,direct,experimental,qualitative,partial,LOC-B020-0001,"Universal decay constants and notional-nozzle choices remain unresolved, especially for supersonic exits.",Single-hole methane injector and force-based zone definition; not directly equivalent to hydrogen optical-zone metrics.,M02;M03;M08,verified,Candidate contribution: boundary_evidence; normalization=cluster.
GC-0012,T2-B019-C03,B019,tier2,B,supports,model_based,supporting,indirect,numerical,qualitative,partial,LOC-B019-0003,"Universal decay constants and notional-nozzle choices remain unresolved, especially for supersonic exits.",Claim is a paper-level candidate localized to the canonical PDF; cross-paper adjudication and final evidence verification remain pending.,M02;M03;M08,verified,Candidate contribution: model_based; normalization=cluster.
GC-0013,T1-A028-C01,A028,tier1,A,secondary_support,author_interpretation,contextual,secondary,review,quantitative_or_parameterized,partial,LOC-A028-0002,"Model sensitivity is not a universal ranking of RANS, LES, DNS, or equations of state.",Secondary synthesis of heterogeneous primary studies.,M01;M02;M03,verified,Candidate contribution: review_synthesis; normalization=cluster.
GC-0013,T1-A028-C02,A028,tier1,A,secondary_support,author_interpretation,contextual,secondary,review,qualitative,partial,LOC-A028-0003,"Model sensitivity is not a universal ranking of RANS, LES, DNS, or equations of state.",Model recommendations are condition-specific and not universal rankings.,M01;M02;M03,verified,Candidate contribution: review_synthesis; normalization=cluster.
GC-0013,T2-B008-C01,B008,tier2,B,supports,simulation_resolved,moderate,direct,numerical,quantitative_or_parameterized,partial,LOC-B008-0002,"Model sensitivity is not a universal ranking of RANS, LES, DNS, or equations of state.",EoS comparison is numerical and tied to this high-pressure state/nozzle model.,M01;M02;M03,verified,Candidate contribution: reported result; normalization=cluster.
GC-0013,T2-B008-C02,B008,tier2,B,supports,simulation_resolved,moderate,direct,numerical,quantitative_or_parameterized,partial,LOC-B008-0003,"Model sensitivity is not a universal ranking of RANS, LES, DNS, or equations of state.",Axisymmetric RANS and classical cubic EoS choices.,M01;M02;M03,verified,Candidate contribution: reported result; normalization=cluster.
GC-0014,T2-B016-C01,B016,tier2,B,supports,author_interpretation,supporting,indirect,not_specified,quantitative_or_parameterized,partial,LOC-B016-0002,Evidence is numerical or correlation-based and does not directly measure pilot-spray loading.,Claim is a paper-level candidate localized to the canonical PDF; cross-paper adjudication and final evidence verification remain pending.,M02;M03;M08,verified,Candidate contribution: author_interpretation; normalization=cluster.
GC-0014,T3-B027-C01,B027,tier3,B,supports,simulation_resolved,moderate,direct,numerical,quantitative_or_parameterized,partial,LOC-B027-0001,Evidence is numerical or correlation-based and does not directly measure pilot-spray loading.,Free nonreacting jets; baroclinic attribution is simulation-based and configuration-dependent.,M02;M03;M08,verified,Candidate contribution: mechanism_support; normalization=cluster.
GC-0015,T1-B004-C01,B004,tier1,B,secondary_support,author_interpretation,contextual,secondary,review,quantitative_or_parameterized,not_applicable,LOC-B004-0008,Secondary synthesis across heterogeneous definitions; C004 is unrelated and does not affect this jet-specific limitation.,Secondary synthesis of heterogeneous sources and definitions; not primary data.,M02,verified,Candidate contribution: review_synthesis; normalization=cluster.
GC-0016,T1-C007-C01,C007,tier1,C,secondary_support,author_interpretation,contextual,secondary,review,quantitative_or_parameterized,partial,LOC-C007-0006,"Shock-front passage, shocked-state exposure, expansion-wave-limited loading, and total forcing are not equivalent intervals.",Conceptual synthesis; quantitative closure remains an open issue.,M03;M04;M05,verified,Candidate contribution: review_synthesis; normalization=cluster.
GC-0016,PILOT-C016-C01,C016,pilot,C,supports,author_interpretation,supporting,indirect,not_specified,qualitative,partial,LOC-C016-0005,"Shock-front passage, shocked-state exposure, expansion-wave-limited loading, and total forcing are not equivalent intervals.","Stage boundaries are mechanistic, not a universal fixed time.",M03;M04;M05,verified,Candidate contribution: author_interpretation; normalization=cluster.
GC-0016,PILOT-D003-C01,D003,pilot,D,supports,indirect,supporting,direct,numerical,quantitative_or_parameterized,partial,LOC-D003-0006,"Shock-front passage, shocked-state exposure, expansion-wave-limited loading, and total forcing are not equivalent intervals.",Breakup and evaporation were not modeled.,M03;M04;M05,verified,Candidate contribution: model_based; normalization=cluster.
GC-0016,PILOT-D003-C02,D003,pilot,D,supports,direct,supporting,direct,numerical,directional_qualitative,partial,LOC-D003-0007,"Shock-front passage, shocked-state exposure, expansion-wave-limited loading, and total forcing are not equivalent intervals.",Stokes comparison is model-context specific.,M03;M04;M05,verified,Candidate contribution: simulation_resolved; normalization=cluster.
GC-0017,PILOT-C014-C01,C014,pilot,C,supports,direct,strong,direct,experimental,quantitative_or_parameterized,partial,LOC-C014-0003,"Incident-shock Mach, post-shock freestream Mach, velocity and density references, and loading histories must remain distinct.","Other variables, especially Re and gas identity, are not perfectly fixed.",M04;M05,verified,Candidate contribution: direct_observation; normalization=cluster.
GC-0017,PILOT-C014-C02,C014,pilot,C,supports,direct,strong,direct,experimental,quantitative_or_parameterized,partial,LOC-C014-0004,"Incident-shock Mach, post-shock freestream Mach, velocity and density references, and loading histories must remain distinct.",This definition is paper-specific and should not be merged with M_s.,M04;M05,verified,Candidate contribution: direct_observation; normalization=cluster.
GC-0017,T1-C025-C01,C025,tier1,C,supports,simulation_resolved,moderate,direct,numerical,quantitative_or_parameterized,partial,LOC-C025-0006,"Incident-shock Mach, post-shock freestream Mach, velocity and density references, and loading histories must remain distinct.",Only two shock strengths and one initial diameter; thermomechanical equilibration is quasi-instantaneous.,M04;M05,verified,Candidate contribution: primary_numerical; normalization=cluster.
GC-0017,T2-C023-C03,C023,tier2,C,supports,model_based,supporting,indirect,numerical,quantitative_or_parameterized,partial,LOC-C023-0002,"Incident-shock Mach, post-shock freestream Mach, velocity and density references, and loading histories must remain distinct.",Claim is a paper-level candidate localized to the canonical PDF; cross-paper adjudication and final evidence verification remain pending.,M04;M05,verified,Candidate contribution: model_based; normalization=cluster.
GC-0018,T1-C007-C02,C007,tier1,C,secondary_support,author_interpretation,contextual,secondary,review,quantitative_or_parameterized,partial,LOC-C007-0005,"The sources address different physical stages, geometries, Weber ranges, and response metrics.","Secondary synthesis; behavior also depends on We, thermodynamics, and morphology.",M04;M05,verified,Candidate contribution: review_synthesis; normalization=cluster.
GC-0018,T3-C008-C01,C008,tier3,C,qualifies,simulation_resolved,moderate,direct,numerical,quantitative_or_parameterized,partial,LOC-C008-0001,"The sources address different physical stages, geometries, Weber ranges, and response metrics.",Two-dimensional water-cylinder geometry and early breakup only; this does not adjudicate later supersonic compressibility effects.,M04;M05,verified,Candidate contribution: boundary_evidence; normalization=cluster.
GC-0019,T1-C007-C03,C007,tier1,C,secondary_support,author_interpretation,contextual,secondary,review,qualitative,partial,LOC-C007-0006,First and later shedding events can have different Weber sensitivity; broad taxonomy is limited by missing Tier 1 source C004.,Nonlinear theory and high-resolution validation remain incomplete.,M05;M06,verified,Candidate contribution: review_synthesis; normalization=cluster.
GC-0019,T3-C012-C01,C012,tier3,C,supports,direct_observation,strong,direct,experimental,quantitative_or_parameterized,partial,LOC-C012-0001,First and later shedding events can have different Weber sensitivity; broad taxonomy is limited by missing Tier 1 source C004.,Short optical-method paper; diagnostic capability rather than a complete regime map.,M05;M06,verified,Candidate contribution: additional_method; normalization=cluster.
GC-0019,T3-C013-C01,C013,tier3,C,supports,simulation_resolved,moderate,direct,numerical,quantitative_or_parameterized,partial,LOC-C013-0001,First and later shedding events can have different Weber sensitivity; broad taxonomy is limited by missing Tier 1 source C004.,Water-droplet aerobreakup in the studied high-speed regime; later fragment statistics remain outside the claim.,M05;M06,verified,Candidate contribution: mechanism_support; normalization=cluster.
GC-0020,T1-C018-C01,C018,tier1,C,supports,simulation_resolved,moderate,direct,numerical,quantitative_or_parameterized,partial,LOC-C018-0009,"Two-dimensional models, omitted cavitation or phase transition, and different wave-speed ratios limit direct transfer.","Five-equation model has no phase transition, so cavitation itself is not resolved.",M03;M04,verified,Candidate contribution: simulation_resolved; normalization=cluster.
GC-0020,T1-C018-C02,C018,tier1,C,supports,model_based,supporting,indirect,numerical,quantitative_or_parameterized,partial,LOC-C018-0007,"Two-dimensional models, omitted cavitation or phase transition, and different wave-speed ratios limit direct transfer.",Two-dimensional cylindrical geometry and fitted Mach-stem trajectory.,M03;M04,verified,Candidate contribution: model_based; normalization=cluster.
GC-0020,T1-C018-C03,C018,tier1,C,supports,simulation_resolved,moderate,direct,numerical,qualitative,partial,LOC-C018-0009,"Two-dimensional models, omitted cavitation or phase transition, and different wave-speed ratios limit direct transfer.",No cavitation phase transition; pressure-factor decomposition requires further validation.,M03;M04,verified,Candidate contribution: simulation_resolved; normalization=cluster.
GC-0020,T1-C029-C01,C029,tier1,C,supports,simulation_resolved,moderate,direct,numerical,quantitative_or_parameterized,partial,LOC-C029-0006,"Two-dimensional models, omitted cavitation or phase transition, and different wave-speed ratios limit direct transfer.","Idealized inviscid 2D axisymmetric early-time model; no surface tension, diffusion, thermal conduction, or chemistry.",M03;M04,verified,Candidate contribution: primary_numerical; normalization=cluster.
GC-0020,T1-C029-C02,C029,tier1,C,supports,simulation_resolved,moderate,direct,numerical,quantitative_or_parameterized,partial,LOC-C029-0008,"Two-dimensional models, omitted cavitation or phase transition, and different wave-speed ratios limit direct transfer.",Threshold estimate uses simplified path/curvature assumptions and is not universal without validation.,M03;M04,verified,Candidate contribution: primary_numerical; normalization=cluster.
GC-0020,T1-C029-C03,C029,tier1,C,supports,simulation_resolved,moderate,direct,numerical,quantitative_or_parameterized,partial,LOC-C029-0009,"Two-dimensional models, omitted cavitation or phase transition, and different wave-speed ratios limit direct transfer.",Later three-dimensional breakup is outside the modeled scope.,M03;M04,verified,Candidate contribution: primary_numerical; normalization=cluster.
GC-0020,T3-C011-C01,C011,tier3,C,supports,model_based,supporting,indirect,numerical,quantitative_or_parameterized,partial,LOC-C011-0002,"Two-dimensional models, omitted cavitation or phase transition, and different wave-speed ratios limit direct transfer.",Single water droplet and numerical/theoretical evidence; later breakup was not the main focus.,M03;M04,verified,Candidate contribution: reported result; normalization=cluster.
GC-0020,T2-C017-C02,C017,tier2,C,supports,model_based,supporting,indirect,numerical,quantitative_or_parameterized,partial,LOC-C017-0002,"Two-dimensional models, omitted cavitation or phase transition, and different wave-speed ratios limit direct transfer.",Claim is a paper-level candidate localized to the canonical PDF; cross-paper adjudication and final evidence verification remain pending.,M03;M04,verified,Candidate contribution: model_based; normalization=cluster.
GC-0021,T1-C019-C02,C019,tier1,C,supports,model_based,supporting,indirect,numerical,qualitative,partial,LOC-C019-0007,"Instability labels, forcing histories, geometry, and terminal-regime definitions vary; C004 is missing.",Mechanism is developed for the simplified two-dimensional configuration.,M04;M05,verified,Candidate contribution: numerical_plus_model; normalization=cluster.
GC-0021,T3-C005-C01,C005,tier3,C,supports,simulation_resolved,moderate,direct,numerical,quantitative_or_parameterized,partial,LOC-C005-0003,"Instability labels, forcing histories, geometry, and terminal-regime definitions vary; C004 is missing.",Continuous-air-jet forcing differs from finite-duration shock loading.,M04;M05,verified,Candidate contribution: reported result; normalization=cluster.
GC-0021,T3-C009-C01,C009,tier3,C,supports,simulation_resolved,moderate,direct,numerical,quantitative_or_parameterized,partial,LOC-C009-0001,"Instability labels, forcing histories, geometry, and terminal-regime definitions vary; C004 is missing.","Numerical method, reduced density-ratio strategy, and the tested Weber range bound the RT interpretation.",M04;M05,verified,Candidate contribution: mechanism_support; normalization=cluster.
GC-0021,T2-C010-C01,C010,tier2,C,supports,model_based,supporting,indirect,numerical,qualitative,partial,LOC-C010-0002,"Instability labels, forcing histories, geometry, and terminal-regime definitions vary; C004 is missing.",Claim is a paper-level candidate localized to the canonical PDF; cross-paper adjudication and final evidence verification remain pending.,M04;M05,verified,Candidate contribution: model_based; normalization=cluster.
GC-0021,T2-C010-C03,C010,tier2,C,supports,model_based,supporting,indirect,numerical,quantitative_or_parameterized,partial,LOC-C010-0002,"Instability labels, forcing histories, geometry, and terminal-regime definitions vary; C004 is missing.",Claim is a paper-level candidate localized to the canonical PDF; cross-paper adjudication and final evidence verification remain pending.,M04;M05,verified,Candidate contribution: model_based; normalization=cluster.
GC-0021,T2-C015-C02,C015,tier2,C,supports,author_interpretation,supporting,indirect,not_specified,quantitative_or_parameterized,partial,LOC-C015-0002,"Instability labels, forcing histories, geometry, and terminal-regime definitions vary; C004 is missing.",Claim is a paper-level candidate localized to the canonical PDF; cross-paper adjudication and final evidence verification remain pending.,M04;M05,verified,Candidate contribution: author_interpretation; normalization=cluster.
GC-0021,T2-C015-C03,C015,tier2,C,supports,author_interpretation,supporting,indirect,not_specified,quantitative_or_parameterized,partial,LOC-C015-0002,"Instability labels, forcing histories, geometry, and terminal-regime definitions vary; C004 is missing.",Claim is a paper-level candidate localized to the canonical PDF; cross-paper adjudication and final evidence verification remain pending.,M04;M05,verified,Candidate contribution: author_interpretation; normalization=cluster.
GC-0021,T2-C020-C02,C020,tier2,C,supports,author_interpretation,supporting,indirect,not_specified,qualitative,partial,LOC-C020-0002,"Instability labels, forcing histories, geometry, and terminal-regime definitions vary; C004 is missing.",Claim is a paper-level candidate localized to the canonical PDF; cross-paper adjudication and final evidence verification remain pending.,M04;M05,verified,Candidate contribution: author_interpretation; normalization=cluster.
GC-0021,T2-C020-C03,C020,tier2,C,supports,author_interpretation,supporting,indirect,not_specified,qualitative,partial,LOC-C020-0002,"Instability labels, forcing histories, geometry, and terminal-regime definitions vary; C004 is missing.",Claim is a paper-level candidate localized to the canonical PDF; cross-paper adjudication and final evidence verification remain pending.,M04;M05,verified,Candidate contribution: author_interpretation; normalization=cluster.
GC-0022,T1-C035-C01,C035,tier1,C,supports,direct_observation,strong,direct,experimental,quantitative_or_parameterized,partial,LOC-C035-0006,Tandem and parallel configurations produce different mechanisms and cannot share a single critical spacing.,Low-We rupture extends beyond the steady post-shock window; exact seven-spacing matrix is figure based.,M03;M04;M05;M06,verified,Candidate contribution: primary_experimental; normalization=cluster.
GC-0022,T1-C035-C02,C035,tier1,C,supports,experimental_correlation,moderate,direct,experimental,quantitative_or_parameterized,partial,LOC-C035-0004,Tandem and parallel configurations produce different mechanisms and cannot share a single critical spacing.,Only endpoint threshold values are explicitly retained; boundary curve is not digitized.,M03;M04;M05;M06,verified,Candidate contribution: experimental_correlation; normalization=cluster.
GC-0022,T2-C036-C01,C036,tier2,C,supports,experimental_correlation,moderate,direct,experimental,quantitative_or_parameterized,partial,LOC-C036-0003,Tandem and parallel configurations produce different mechanisms and cannot share a single critical spacing.,The theoretical analogue is two-dimensional cylinders; spherical-droplet boundary may shift.,M03;M04;M05;M06,verified,Candidate contribution: reported result; normalization=cluster.
GC-0022,T2-C036-C02,C036,tier2,C,supports,direct_observation,strong,direct,experimental,quantitative_or_parameterized,partial,LOC-C036-0004,Tandem and parallel configurations produce different mechanisms and cannot share a single critical spacing.,Finite experimental parameter space and generated-droplet alignment variability.,M03;M04;M05;M06,verified,Candidate contribution: reported result; normalization=cluster.
GC-0022,T2-C001-C01,C001,tier2,C,supports,author_interpretation,supporting,indirect,not_specified,directional_qualitative,partial,LOC-C001-0002,Tandem and parallel configurations produce different mechanisms and cannot share a single critical spacing.,Claim is a paper-level candidate localized to the canonical PDF; cross-paper adjudication and final evidence verification remain pending.,M03;M04;M05;M06,verified,Candidate contribution: author_interpretation; normalization=cluster.
GC-0022,T2-C001-C03,C001,tier2,C,supports,author_interpretation,supporting,indirect,not_specified,qualitative,partial,LOC-C001-0003,Tandem and parallel configurations produce different mechanisms and cannot share a single critical spacing.,Claim is a paper-level candidate localized to the canonical PDF; cross-paper adjudication and final evidence verification remain pending.,M03;M04;M05;M06,verified,Candidate contribution: author_interpretation; normalization=cluster.
GC-0023,T1-C025-C02,C025,tier1,C,supports,simulation_resolved,moderate,direct,numerical,quantitative_or_parameterized,partial,LOC-C025-0004,"Diagnostics, sampling time, and fragment definitions differ and are sparse.",Grid resolution truncates the smallest sizes and simulations end before possible late unimodal evolution.,M05;M06,verified,Candidate contribution: primary_numerical; normalization=cluster.
GC-0023,T2-C022-C03,C022,tier2,C,supports,author_interpretation,supporting,indirect,not_specified,quantitative_or_parameterized,partial,LOC-C022-0002,"Diagnostics, sampling time, and fragment definitions differ and are sparse.",Claim is a paper-level candidate localized to the canonical PDF; cross-paper adjudication and final evidence verification remain pending.,M05;M06,verified,Candidate contribution: author_interpretation; normalization=cluster.
GC-0024,T1-C024-C01,C024,tier1,C,supports,direct_observation,strong,direct,experimental,quantitative_or_parameterized,partial,LOC-C024-0005,"Droplet size, liquid, optical detection threshold, and assumed post-wave gas history differ.",Droplet curtain is dilute but polydisperse; deformation of individual parent droplets was below optical resolution.,M05;M07;M10,verified,Candidate contribution: primary_experimental; normalization=cluster.
GC-0024,PILOT-D017-C01,D017,pilot,D,supports,indirect,supporting,direct,numerical,quantitative_or_parameterized,partial,LOC-D017-0007,"Droplet size, liquid, optical detection threshold, and assumed post-wave gas history differ.",Reduced models assume constant post-shock gas conditions.,M05;M07;M10,verified,Candidate contribution: model_based; normalization=cluster.
GC-0025,PILOT-C031-C01,C031,pilot,C,supports,author_interpretation,supporting,indirect,numerical,quantitative_or_parameterized,partial,LOC-C031-0008,"Evidence is model-resolved and phase-change coefficients, thermal states, and liquids vary.",Depends on manually selected phase-change coefficients.,M04;M05;M07,verified,Candidate contribution: simulation_resolved; normalization=cluster.
GC-0025,PILOT-C031-C02,C031,pilot,C,supports,direct,supporting,direct,numerical,quantitative_or_parameterized,partial,LOC-C031-0009,"Evidence is model-resolved and phase-change coefficients, thermal states, and liquids vary.",Single-component n-dodecane vapor and specified model coefficients.,M04;M05;M07,verified,Candidate contribution: simulation_resolved; normalization=cluster.
GC-0025,T2-C030-C02,C030,tier2,C,supports,author_interpretation,supporting,indirect,not_specified,quantitative_or_parameterized,partial,LOC-C030-0002,"Evidence is model-resolved and phase-change coefficients, thermal states, and liquids vary.",Claim is a paper-level candidate localized to the canonical PDF; cross-paper adjudication and final evidence verification remain pending.,M04;M05;M07,verified,Candidate contribution: author_interpretation; normalization=cluster.
GC-0025,T2-C030-C03,C030,tier2,C,supports,model_based,supporting,indirect,numerical,quantitative_or_parameterized,partial,LOC-C030-0002,"Evidence is model-resolved and phase-change coefficients, thermal states, and liquids vary.",Claim is a paper-level candidate localized to the canonical PDF; cross-paper adjudication and final evidence verification remain pending.,M04;M05;M07,verified,Candidate contribution: model_based; normalization=cluster.
GC-0026,T3-C032-C01,C032,tier3,C,supports,model_based,supporting,indirect,numerical,quantitative_or_parameterized,not_applicable,LOC-C032-0001,Single numerical framework and fuel-property comparison; not directly equivalent to Stefan-flow suppression cases.,Two-dimensional axisymmetric incompressible-gas model at atmospheric pressure; not a direct shock-loading case.,M04;M05;M07,verified,Candidate contribution: additional_fuel_or_species; normalization=cluster.
GC-0027,T2-C026-C02,C026,tier2,C,supports,direct_observation,strong,direct,experimental,quantitative_or_parameterized,not_applicable,LOC-C026-0002,"The statement is limited to deformation and the reported observation interval, not later breakup or smaller droplets.",Claim is a paper-level candidate localized to the canonical PDF; cross-paper adjudication and final evidence verification remain pending.,M04;M07,verified,Candidate contribution: direct_observation; normalization=cluster.
GC-0028,T2-C033-C01,C033,tier2,C,supports,direct_observation,strong,direct,experimental,quantitative_or_parameterized,partial,LOC-C033-0002,"Cloud statistics, breakup closure, and transmitted-pressure definitions must be aligned.",Claim is a paper-level candidate localized to the canonical PDF; cross-paper adjudication and final evidence verification remain pending.,M03;M05;M06,verified,Candidate contribution: direct_observation; normalization=cluster.
GC-0028,T2-C033-C02,C033,tier2,C,supports,author_interpretation,supporting,indirect,not_specified,qualitative,partial,LOC-C033-0002,"Cloud statistics, breakup closure, and transmitted-pressure definitions must be aligned.",Claim is a paper-level candidate localized to the canonical PDF; cross-paper adjudication and final evidence verification remain pending.,M03;M05;M06,verified,Candidate contribution: author_interpretation; normalization=cluster.
GC-0028,T2-C033-C03,C033,tier2,C,supports,direct_observation,strong,direct,experimental,directional_qualitative,partial,LOC-C033-0002,"Cloud statistics, breakup closure, and transmitted-pressure definitions must be aligned.",Claim is a paper-level candidate localized to the canonical PDF; cross-paper adjudication and final evidence verification remain pending.,M03;M05;M06,verified,Candidate contribution: direct_observation; normalization=cluster.
GC-0028,T2-C034-C01,C034,tier2,C,supports,experimental_correlation,moderate,direct,experimental,qualitative,partial,LOC-C034-0002,"Cloud statistics, breakup closure, and transmitted-pressure definitions must be aligned.",Claim is a paper-level candidate localized to the canonical PDF; cross-paper adjudication and final evidence verification remain pending.,M03;M05;M06,verified,Candidate contribution: experimental_correlation; normalization=cluster.
GC-0028,T2-C034-C02,C034,tier2,C,supports,experimental_correlation,moderate,direct,experimental,qualitative,partial,LOC-C034-0002,"Cloud statistics, breakup closure, and transmitted-pressure definitions must be aligned.",Claim is a paper-level candidate localized to the canonical PDF; cross-paper adjudication and final evidence verification remain pending.,M03;M05;M06,verified,Candidate contribution: experimental_correlation; normalization=cluster.
GC-0029,T1-C024-C02,C024,tier1,C,supports,model_based,supporting,indirect,experimental,quantitative_or_parameterized,partial,LOC-C024-0007,Model comparisons use different validation observables and condition ranges; C004 is missing.,Model discrepancies may reflect parent-drag underprediction or unrepresented larger child droplets.,M04;M05;M06;M07,verified,Candidate contribution: experiment_model_comparison; normalization=cluster.
GC-0029,T2-C006-C01,C006,tier2,C,supports,author_interpretation,supporting,indirect,not_specified,quantitative_or_parameterized,partial,LOC-C006-0002,Model comparisons use different validation observables and condition ranges; C004 is missing.,Claim is a paper-level candidate localized to the canonical PDF; cross-paper adjudication and final evidence verification remain pending.,M04;M05;M06;M07,verified,Candidate contribution: author_interpretation; normalization=cluster.
GC-0029,T2-C006-C02,C006,tier2,C,supports,author_interpretation,supporting,indirect,not_specified,quantitative_or_parameterized,partial,LOC-C006-0003,Model comparisons use different validation observables and condition ranges; C004 is missing.,Claim is a paper-level candidate localized to the canonical PDF; cross-paper adjudication and final evidence verification remain pending.,M04;M05;M06;M07,verified,Candidate contribution: author_interpretation; normalization=cluster.
GC-0029,T2-C006-C03,C006,tier2,C,supports,experimental_correlation,moderate,direct,experimental,qualitative,partial,LOC-C006-0003,Model comparisons use different validation observables and condition ranges; C004 is missing.,Claim is a paper-level candidate localized to the canonical PDF; cross-paper adjudication and final evidence verification remain pending.,M04;M05;M06;M07,verified,Candidate contribution: experimental_correlation; normalization=cluster.
GC-0029,T3-C028-C01,C028,tier3,C,supports,model_based,supporting,indirect,numerical,quantitative_or_parameterized,partial,LOC-C028-0001,Model comparisons use different validation observables and condition ranges; C004 is missing.,Method-validation study; quantitative vaporization rates remain modeland resolution-dependent.,M04;M05;M06;M07,verified,Candidate contribution: additional_method; normalization=cluster.
GC-0030,T2-C002-C01,C002,tier2,C,supports,author_interpretation,supporting,indirect,not_specified,quantitative_or_parameterized,partial,LOC-C002-0001,Review-secondary and paper-specific definitions; broad coverage is limited by missing Tier 1 source C004.,Claim is a paper-level candidate localized to the canonical PDF; cross-paper adjudication and final evidence verification remain pending.,M04;M05;M06,verified,Candidate contribution: author_interpretation; normalization=cluster.
GC-0030,T2-C002-C02,C002,tier2,C,supports,author_interpretation,supporting,indirect,not_specified,quantitative_or_parameterized,partial,LOC-C002-0001,Review-secondary and paper-specific definitions; broad coverage is limited by missing Tier 1 source C004.,Claim is a paper-level candidate localized to the canonical PDF; cross-paper adjudication and final evidence verification remain pending.,M04;M05;M06,verified,Candidate contribution: author_interpretation; normalization=cluster.
GC-0030,T2-C002-C03,C002,tier2,C,supports,author_interpretation,supporting,indirect,not_specified,qualitative,partial,LOC-C002-0001,Review-secondary and paper-specific definitions; broad coverage is limited by missing Tier 1 source C004.,Claim is a paper-level candidate localized to the canonical PDF; cross-paper adjudication and final evidence verification remain pending.,M04;M05;M06,verified,Candidate contribution: author_interpretation; normalization=cluster.
GC-0030,T2-C023-C02,C023,tier2,C,supports,model_based,supporting,indirect,numerical,quantitative_or_parameterized,partial,LOC-C023-0002,Review-secondary and paper-specific definitions; broad coverage is limited by missing Tier 1 source C004.,Claim is a paper-level candidate localized to the canonical PDF; cross-paper adjudication and final evidence verification remain pending.,M04;M05;M06,verified,Candidate contribution: model_based; normalization=cluster.
GC-0030,T3-C003-C01,C003,tier3,C,secondary_support,review_secondary,contextual,secondary,review,quantitative_or_parameterized,partial,LOC-C003-0001,Review-secondary and paper-specific definitions; broad coverage is limited by missing Tier 1 source C004.,Review-secondary evidence predating much of the modern compressible/shock literature; primary sources are not promoted.,M04;M05;M06,verified,Candidate contribution: review_secondary; normalization=cluster.
GC-0031,T3-C027-C01,C027,tier3,C,qualifies,author_interpretation,supporting,indirect,not_specified,quantitative_or_parameterized,not_applicable,LOC-C027-0001,Test liquids and shock pressure rises differ from higher-pressure and engine conditions.,Interpretation combines direct observations with bow-shock estimates and cross-study comparison; definitions and liquids differ.,M03;M07,verified,Candidate contribution: boundary_evidence; normalization=cluster.
GC-0032,PILOT-D009-C01,D009,pilot,D,supports,direct,supporting,direct,numerical,quantitative_or_parameterized,partial,LOC-D009-0008,"Fuel, chemistry, geometry, pre-vaporized fraction, scale definitions, and wave number vary; this is not direct HPDI-engine evidence.",Definition depends on the paper's idealized refill-zone model.,M07;M10,verified,Candidate contribution: model_based; normalization=cluster.
GC-0032,PILOT-D009-C02,D009,pilot,D,supports,direct,supporting,direct,numerical,quantitative_or_parameterized,partial,LOC-D009-0009,"Fuel, chemistry, geometry, pre-vaporized fraction, scale definitions, and wave number vary; this is not direct HPDI-engine evidence.",Critical values are specific to the selected inlet and chemistry.,M07;M10,verified,Candidate contribution: simulation_resolved; normalization=cluster.
GC-0032,T2-D007-C02,D007,tier2,D,supports,model_based,supporting,indirect,numerical,quantitative_or_parameterized,partial,LOC-D007-0002,"Fuel, chemistry, geometry, pre-vaporized fraction, scale definitions, and wave number vary; this is not direct HPDI-engine evidence.",Claim is a paper-level candidate localized to the canonical PDF; cross-paper adjudication and final evidence verification remain pending.,M07;M10,verified,Candidate contribution: model_based; normalization=cluster.
GC-0032,T2-D010-C02,D010,tier2,D,supports,model_based,supporting,indirect,numerical,quantitative_or_parameterized,partial,LOC-D010-0002,"Fuel, chemistry, geometry, pre-vaporized fraction, scale definitions, and wave number vary; this is not direct HPDI-engine evidence.",Claim is a paper-level candidate localized to the canonical PDF; cross-paper adjudication and final evidence verification remain pending.,M07;M10,verified,Candidate contribution: model_based; normalization=cluster.
GC-0032,T2-D011-C01,D011,tier2,D,supports,model_based,supporting,indirect,numerical,qualitative,partial,LOC-D011-0001,"Fuel, chemistry, geometry, pre-vaporized fraction, scale definitions, and wave number vary; this is not direct HPDI-engine evidence.",Claim is a paper-level candidate localized to the canonical PDF; cross-paper adjudication and final evidence verification remain pending.,M07;M10,verified,Candidate contribution: model_based; normalization=cluster.
GC-0032,T2-D011-C02,D011,tier2,D,supports,author_interpretation,supporting,indirect,not_specified,quantitative_or_parameterized,partial,LOC-D011-0001,"Fuel, chemistry, geometry, pre-vaporized fraction, scale definitions, and wave number vary; this is not direct HPDI-engine evidence.",Claim is a paper-level candidate localized to the canonical PDF; cross-paper adjudication and final evidence verification remain pending.,M07;M10,verified,Candidate contribution: author_interpretation; normalization=cluster.
GC-0032,T2-D013-C01,D013,tier2,D,supports,model_based,supporting,indirect,numerical,quantitative_or_parameterized,partial,LOC-D013-0002,"Fuel, chemistry, geometry, pre-vaporized fraction, scale definitions, and wave number vary; this is not direct HPDI-engine evidence.",Claim is a paper-level candidate localized to the canonical PDF; cross-paper adjudication and final evidence verification remain pending.,M07;M10,verified,Candidate contribution: model_based; normalization=cluster.
GC-0032,T2-D013-C03,D013,tier2,D,supports,model_based,supporting,indirect,numerical,quantitative_or_parameterized,partial,LOC-D013-0002,"Fuel, chemistry, geometry, pre-vaporized fraction, scale definitions, and wave number vary; this is not direct HPDI-engine evidence.",Claim is a paper-level candidate localized to the canonical PDF; cross-paper adjudication and final evidence verification remain pending.,M07;M10,verified,Candidate contribution: model_based; normalization=cluster.
GC-0032,T2-D015-C02,D015,tier2,D,supports,author_interpretation,supporting,indirect,not_specified,quantitative_or_parameterized,partial,LOC-D015-0003,"Fuel, chemistry, geometry, pre-vaporized fraction, scale definitions, and wave number vary; this is not direct HPDI-engine evidence.",Claim is a paper-level candidate localized to the canonical PDF; cross-paper adjudication and final evidence verification remain pending.,M07;M10,verified,Candidate contribution: author_interpretation; normalization=cluster.
GC-0032,T2-D015-C03,D015,tier2,D,supports,author_interpretation,supporting,indirect,not_specified,quantitative_or_parameterized,partial,LOC-D015-0003,"Fuel, chemistry, geometry, pre-vaporized fraction, scale definitions, and wave number vary; this is not direct HPDI-engine evidence.",Claim is a paper-level candidate localized to the canonical PDF; cross-paper adjudication and final evidence verification remain pending.,M07;M10,verified,Candidate contribution: author_interpretation; normalization=cluster.
GC-0032,T3-D006-C01,D006,tier3,D,supports,model_based,supporting,indirect,numerical,quantitative_or_parameterized,partial,LOC-D006-0001,"Fuel, chemistry, geometry, pre-vaporized fraction, scale definitions, and wave number vary; this is not direct HPDI-engine evidence.",Simplified two-dimensional chemistry/flow model; the reported critical diameter is case-specific.,M07;M10,verified,Candidate contribution: additional_fuel_or_species; normalization=cluster.
GC-0032,T3-D008-C01,D008,tier3,D,supports,model_based,supporting,indirect,numerical,qualitative,partial,LOC-D008-0001,"Fuel, chemistry, geometry, pre-vaporized fraction, scale definitions, and wave number vary; this is not direct HPDI-engine evidence.",Two-dimensional Eulerian-Lagrangian model without fuel prevaporization; size thresholds are configuration-specific.,M07;M10,verified,Candidate contribution: additional_condition; normalization=cluster.
GC-0032,T3-D012-C01,D012,tier3,D,supports,model_based,supporting,indirect,numerical,quantitative_or_parameterized,partial,LOC-D012-0001,"Fuel, chemistry, geometry, pre-vaporized fraction, scale definitions, and wave number vary; this is not direct HPDI-engine evidence.",Numerical ethanol configuration with prevaporized co-injection; wave-multiplicity transitions are case-specific.,M07;M10,verified,Candidate contribution: additional_fuel_or_species; normalization=cluster.
GC-0033,T2-D014-C01,D014,tier2,D,supports,model_based,supporting,indirect,numerical,quantitative_or_parameterized,not_applicable,LOC-D014-0002,Single modelling framework and wave-relative coordinate system.,Claim is a paper-level candidate localized to the canonical PDF; cross-paper adjudication and final evidence verification remain pending.,M07;M10,verified,Candidate contribution: model_based; normalization=cluster.
GC-0033,T2-D014-C02,D014,tier2,D,supports,model_based,supporting,indirect,numerical,quantitative_or_parameterized,not_applicable,LOC-D014-0002,Single modelling framework and wave-relative coordinate system.,Claim is a paper-level candidate localized to the canonical PDF; cross-paper adjudication and final evidence verification remain pending.,M07;M10,verified,Candidate contribution: model_based; normalization=cluster.
GC-0033,T2-D014-C03,D014,tier2,D,supports,model_based,supporting,indirect,numerical,qualitative,not_applicable,LOC-D014-0002,Single modelling framework and wave-relative coordinate system.,Claim is a paper-level candidate localized to the canonical PDF; cross-paper adjudication and final evidence verification remain pending.,M07;M10,verified,Candidate contribution: model_based; normalization=cluster.
GC-0034,PILOT-D017-C02,D017,pilot,D,supports,author_interpretation,supporting,indirect,not_specified,quantitative_or_parameterized,partial,LOC-D017-0008,Detonation and inert-shock post-wave histories differ; correlations remain liquid- and facility-specific.,Mie scattering has a detection threshold and snapshots are ensemble-based.,M04;M05;M10,verified,Candidate contribution: author_interpretation; normalization=cluster.
GC-0034,T2-D016-C02,D016,tier2,D,supports,author_interpretation,supporting,indirect,not_specified,quantitative_or_parameterized,partial,LOC-D016-0002,Detonation and inert-shock post-wave histories differ; correlations remain liquid- and facility-specific.,Claim is a paper-level candidate localized to the canonical PDF; cross-paper adjudication and final evidence verification remain pending.,M04;M05;M10,verified,Candidate contribution: author_interpretation; normalization=cluster.
GC-0034,T1-D018-C01,D018,tier1,D,supports,direct_observation,strong,direct,experimental,quantitative_or_parameterized,partial,LOC-D018-0005,Detonation and inert-shock post-wave histories differ; correlations remain liquid- and facility-specific.,Shadowgraph is a two-dimensional projection and the smallest early structures are below resolution.,M04;M05;M10,verified,Candidate contribution: primary_experimental; normalization=cluster.
GC-0034,T1-D018-C03,D018,tier1,D,supports,experimental_correlation,moderate,direct,experimental,quantitative_or_parameterized,partial,LOC-D018-0008,Detonation and inert-shock post-wave histories differ; correlations remain liquid- and facility-specific.,The time normalization itself excludes surface tension; the mechanism is an author interpretation supported by the liquid comparison.,M04;M05;M10,verified,Candidate contribution: primary_experimental_correlation; normalization=cluster.
GC-0035,T1-D018-C02,D018,tier1,D,supports,author_interpretation,supporting,indirect,experimental,qualitative,partial,LOC-D018-0006,Post-wave thermochemistry and adverse pressure gradients prevent direct transfer of shock-derived correlations.,Cross-study shock comparison is secondary; primary detonation correlations are measured in this facility.,M03;M04;M05;M10,verified,Candidate contribution: experiment_plus_model_comparison; normalization=cluster.
GC-0035,T1-D019-C01,D019,tier1,D,supports,model_based,supporting,indirect,numerical,quantitative_or_parameterized,partial,LOC-D019-0006,Post-wave thermochemistry and adverse pressure gradients prevent direct transfer of shock-derived correlations.,2D idealized water droplet and reduced reaction model; project transfer beyond this configuration remains inference.,M03;M04;M05;M10,verified,Candidate contribution: primary_numerical; normalization=cluster.
GC-0035,T1-D019-C02,D019,tier1,D,supports,simulation_resolved,moderate,direct,numerical,quantitative_or_parameterized,partial,LOC-D019-0007,Post-wave thermochemistry and adverse pressure gradients prevent direct transfer of shock-derived correlations.,Cavitation model is homogeneous; thermal conduction is omitted for main-droplet timescale separation.,M03;M04;M05;M10,verified,Candidate contribution: primary_numerical; normalization=cluster.
GC-0035,T1-D019-C03,D019,tier1,D,supports,simulation_resolved,moderate,direct,numerical,quantitative_or_parameterized,partial,LOC-D019-0008,Post-wave thermochemistry and adverse pressure gradients prevent direct transfer of shock-derived correlations.,Surface tension and viscosity are neglected; 2D geometry likely overstates deformation rate and cannot resolve final child-droplet statistics.,M03;M04;M05;M10,verified,Candidate contribution: primary_numerical; normalization=cluster.
GC-0036,T2-D002-C01,D002,tier2,D,supports,author_interpretation,supporting,indirect,not_specified,quantitative_or_parameterized,partial,LOC-D002-0002,Nozzle-exit velocity is not spray-tip velocity; injector and ambient conditions are highly facility-specific.,Claim is a paper-level candidate localized to the canonical PDF; cross-paper adjudication and final evidence verification remain pending.,M01;M02;M03;M06,verified,Candidate contribution: author_interpretation; normalization=cluster.
GC-0036,T2-D002-C03,D002,tier2,D,supports,author_interpretation,supporting,indirect,not_specified,quantitative_or_parameterized,partial,LOC-D002-0002,Nozzle-exit velocity is not spray-tip velocity; injector and ambient conditions are highly facility-specific.,Claim is a paper-level candidate localized to the canonical PDF; cross-paper adjudication and final evidence verification remain pending.,M01;M02;M03;M06,verified,Candidate contribution: author_interpretation; normalization=cluster.
GC-0036,T2-D005-C01,D005,tier2,D,supports,author_interpretation,supporting,indirect,not_specified,quantitative_or_parameterized,partial,LOC-D005-0002,Nozzle-exit velocity is not spray-tip velocity; injector and ambient conditions are highly facility-specific.,Claim is a paper-level candidate localized to the canonical PDF; cross-paper adjudication and final evidence verification remain pending.,M01;M02;M03;M06,verified,Candidate contribution: author_interpretation; normalization=cluster.
GC-0036,T2-D005-C02,D005,tier2,D,supports,author_interpretation,supporting,indirect,not_specified,quantitative_or_parameterized,partial,LOC-D005-0002,Nozzle-exit velocity is not spray-tip velocity; injector and ambient conditions are highly facility-specific.,Claim is a paper-level candidate localized to the canonical PDF; cross-paper adjudication and final evidence verification remain pending.,M01;M02;M03;M06,verified,Candidate contribution: author_interpretation; normalization=cluster.
GC-0036,T2-D005-C03,D005,tier2,D,supports,author_interpretation,supporting,indirect,not_specified,quantitative_or_parameterized,partial,LOC-D005-0002,Nozzle-exit velocity is not spray-tip velocity; injector and ambient conditions are highly facility-specific.,Claim is a paper-level candidate localized to the canonical PDF; cross-paper adjudication and final evidence verification remain pending.,M01;M02;M03;M06,verified,Candidate contribution: author_interpretation; normalization=cluster.
GC-0036,T3-D001-C01,D001,tier3,D,supports,direct_observation,strong,direct,experimental,quantitative_or_parameterized,partial,LOC-D001-0002,Nozzle-exit velocity is not spray-tip velocity; injector and ambient conditions are highly facility-specific.,150 MPa single-hole injector and vessel conditions; conventional multi-hole injectors have slower ramp-up.,M01;M02;M03;M06,verified,Candidate contribution: reported result; normalization=cluster.
GC-0037,T3-D004-C01,D004,tier3,D,qualifies,direct_observation,strong,direct,experimental,quantitative_or_parameterized,not_applicable,LOC-D004-0001,Wave origin and interaction stage differ from injector-generated shock cases.,Engine-inspired chamber and reflected-wave configuration; the result is not equivalent to isolated-droplet planar-shock loading.,M03;M06,verified,Candidate contribution: boundary_evidence; normalization=cluster.
GC-0038,PILOT-A020-C02,A020,pilot,A,supports,direct,strong,direct,experimental,quantitative_or_parameterized,not_applicable,LOC-A020-0009,Depends on the tested injection duration and ambient state.,Depends on the tested injection duration and ambient state.,M08;M09,verified,Candidate contribution: direct_observation; normalization=unique.
GC-0039,PILOT-C016-C02,C016,pilot,C,supports,direct,strong,direct,experimental,quantitative_or_parameterized,not_applicable,LOC-C016-0004,Mode boundaries depend on the tested droplet sizes and shock conditions.,Mode boundaries depend on the tested droplet sizes and shock conditions.,M04;M05,verified,Candidate contribution: direct_observation; normalization=unique.
GC-0040,T1-A026-C01,A026,tier1,A,supports,direct_observation,strong,direct,experimental,quantitative_or_parameterized,not_applicable,LOC-A026-0006,Natural-luminosity thresholds and two imaging arrangements limit quantitative cross-sweep intensity comparison.,Natural-luminosity thresholds and two imaging arrangements limit quantitative cross-sweep intensity comparison.,M08;M09,verified,Candidate contribution: primary_experimental; normalization=unique.
GC-0041,T1-A026-C02,A026,tier1,A,supports,experimental_correlation,moderate,direct,experimental,quantitative_or_parameterized,not_applicable,LOC-A026-0005,Fuel distributions before ignition were not directly visualized; dilution is author interpretation.,Fuel distributions before ignition were not directly visualized; dilution is author interpretation.,M08;M09,verified,Candidate contribution: primary_experimental; normalization=unique.
GC-0042,T1-C019-C01,C019,tier1,C,supports,simulation_resolved,moderate,direct,numerical,quantitative_or_parameterized,not_applicable,LOC-C019-0008,"Two-dimensional cylindrical droplet; viscosity, capillarity and phase transition omitted.","Two-dimensional cylindrical droplet; viscosity, capillarity and phase transition omitted.",M04;M05,verified,Candidate contribution: primary_numerical; normalization=unique.
GC-0043,T2-A012-C02,A012,tier2,A,supports,model_based,supporting,indirect,numerical,quantitative_or_parameterized,not_applicable,LOC-A012-0003,Zero-dimensional chemistry isolates kinetics and omits turbulent transport.,Zero-dimensional chemistry isolates kinetics and omits turbulent transport.,M08;M09,verified,Candidate contribution: reported result; normalization=unique.
GC-0044,T2-A013-C01,A013,tier2,A,supports,author_interpretation,supporting,indirect,not_specified,qualitative,not_applicable,LOC-A013-0002,Claim is a paper-level candidate localized to the canonical PDF; cross-paper adjudication and final evidence verification remain pending.,Claim is a paper-level candidate localized to the canonical PDF; cross-paper adjudication and final evidence verification remain pending.,M08;M09,verified,Candidate contribution: author_interpretation; normalization=unique.
GC-0045,T2-A014-C01,A014,tier2,A,supports,author_interpretation,supporting,indirect,not_specified,quantitative_or_parameterized,not_applicable,LOC-A014-0002,Claim is a paper-level candidate localized to the canonical PDF; cross-paper adjudication and final evidence verification remain pending.,Claim is a paper-level candidate localized to the canonical PDF; cross-paper adjudication and final evidence verification remain pending.,M08;M09,verified,Candidate contribution: author_interpretation; normalization=unique.
GC-0046,T2-A018-C01,A018,tier2,A,supports,author_interpretation,supporting,indirect,not_specified,quantitative_or_parameterized,not_applicable,LOC-A018-0002,Claim is a paper-level candidate localized to the canonical PDF; cross-paper adjudication and final evidence verification remain pending.,Claim is a paper-level candidate localized to the canonical PDF; cross-paper adjudication and final evidence verification remain pending.,M08;M09,verified,Candidate contribution: author_interpretation; normalization=unique.
GC-0047,T2-A021-C01,A021,tier2,A,supports,author_interpretation,supporting,indirect,not_specified,quantitative_or_parameterized,not_applicable,LOC-A021-0002,Claim is a paper-level candidate localized to the canonical PDF; cross-paper adjudication and final evidence verification remain pending.,Claim is a paper-level candidate localized to the canonical PDF; cross-paper adjudication and final evidence verification remain pending.,M08;M09,verified,Candidate contribution: author_interpretation; normalization=unique.
GC-0048,T2-A021-C02,A021,tier2,A,supports,author_interpretation,supporting,indirect,not_specified,quantitative_or_parameterized,not_applicable,LOC-A021-0002,Claim is a paper-level candidate localized to the canonical PDF; cross-paper adjudication and final evidence verification remain pending.,Claim is a paper-level candidate localized to the canonical PDF; cross-paper adjudication and final evidence verification remain pending.,M08;M09,verified,Candidate contribution: author_interpretation; normalization=unique.
GC-0049,T2-A024-C02,A024,tier2,A,supports,model_based,supporting,indirect,numerical,quantitative_or_parameterized,not_applicable,LOC-A024-0002,Claim is a paper-level candidate localized to the canonical PDF; cross-paper adjudication and final evidence verification remain pending.,Claim is a paper-level candidate localized to the canonical PDF; cross-paper adjudication and final evidence verification remain pending.,M08;M09,verified,Candidate contribution: model_based; normalization=unique.
GC-0050,T2-B007-C03,B007,tier2,B,supports,author_interpretation,supporting,indirect,not_specified,quantitative_or_parameterized,not_applicable,LOC-B007-0002,Claim is a paper-level candidate localized to the canonical PDF; cross-paper adjudication and final evidence verification remain pending.,Claim is a paper-level candidate localized to the canonical PDF; cross-paper adjudication and final evidence verification remain pending.,M01;M02,verified,Candidate contribution: author_interpretation; normalization=unique.
GC-0051,T2-C020-C01,C020,tier2,C,supports,author_interpretation,supporting,indirect,not_specified,quantitative_or_parameterized,not_applicable,LOC-C020-0002,Claim is a paper-level candidate localized to the canonical PDF; cross-paper adjudication and final evidence verification remain pending.,Claim is a paper-level candidate localized to the canonical PDF; cross-paper adjudication and final evidence verification remain pending.,M04;M05,verified,Candidate contribution: author_interpretation; normalization=unique.
GC-0052,T1-B021-C01,B021,tier1,B,extends,simulation_resolved,supporting,cross_scale,numerical,quantitative_or_parameterized,low,LOC-B021-0004,No direct spatially and temporally resolved HPDI measurement links the gas-jet shock field to pilot-droplet forcing in the current corpus.,"RANS, convergent nozzle, selected gas/EoS and steady axisymmetric configuration.",M03;M11,verified,Candidate contribution: primary_numerical; normalization=additional.
GC-0052,T1-B009-C01,B009,tier1,B,extends,simulation_resolved,supporting,cross_scale,numerical,quantitative_or_parameterized,low,LOC-B009-0007,No direct spatially and temporally resolved HPDI measurement links the gas-jet shock field to pilot-droplet forcing in the current corpus.,"LES, one nozzle geometry, ambient conditions below many engine conditions.",M03;M11,verified,Candidate contribution: simulation_resolved; normalization=additional.
GC-0052,T1-C007-C01,C007,tier1,C,extends,author_interpretation,supporting,cross_scale,review,quantitative_or_parameterized,low,LOC-C007-0006,No direct spatially and temporally resolved HPDI measurement links the gas-jet shock field to pilot-droplet forcing in the current corpus.,Conceptual synthesis; quantitative closure remains an open issue.,M03;M11,verified,Candidate contribution: review_synthesis; normalization=additional.
GC-0052,PILOT-C016-C01,C016,pilot,C,extends,author_interpretation,supporting,cross_scale,not_specified,qualitative,low,LOC-C016-0005,No direct spatially and temporally resolved HPDI measurement links the gas-jet shock field to pilot-droplet forcing in the current corpus.,"Stage boundaries are mechanistic, not a universal fixed time.",M03;M11,verified,Candidate contribution: author_interpretation; normalization=additional.
GC-0053,T1-C024-C01,C024,tier1,C,extends,direct_observation,supporting,cross_scale,experimental,quantitative_or_parameterized,low,LOC-C024-0005,"Canonical droplets, spray clouds, vessel studies, engines, and RDEs use incompatible scales and loading histories.",Droplet curtain is dilute but polydisperse; deformation of individual parent droplets was below optical resolution.,M07;M08;M09;M11,verified,Candidate contribution: primary_experimental; normalization=additional.
GC-0053,PILOT-C031-C01,C031,pilot,C,extends,author_interpretation,supporting,cross_scale,numerical,quantitative_or_parameterized,low,LOC-C031-0008,"Canonical droplets, spray clouds, vessel studies, engines, and RDEs use incompatible scales and loading histories.",Depends on manually selected phase-change coefficients.,M07;M08;M09;M11,verified,Candidate contribution: simulation_resolved; normalization=additional.
GC-0053,T1-A007-C02,A007,tier1,A,extends,experimental_correlation,supporting,cross_scale,experimental,quantitative_or_parameterized,low,LOC-A007-0006,"Canonical droplets, spray clouds, vessel studies, engines, and RDEs use incompatible scales and loading histories.",HRR is model-derived and hot-product heat losses are neglected; curves were not digitized.,M07;M08;M09;M11,verified,Candidate contribution: primary_experimental; normalization=additional.
GC-0053,T2-A011-C01,A011,tier2,A,extends,direct_observation,supporting,cross_scale,experimental,directional_qualitative,low,LOC-A011-0002,"Canonical droplets, spray clouds, vessel studies, engines, and RDEs use incompatible scales and loading histories.","Optical engine had low compression ratio, cylindrical bowl, and line-of-sight imaging.",M07;M08;M09;M11,verified,Candidate contribution: reported result; normalization=additional.
