mechanism_edge_id,source_node,relation_type,target_node,global_claim_id,candidate_claim_id,paper_id,reading_tier,support_type,evidence_grade,condition_domain,source_locator_id,boundary_conditions,status,notes
GME-0001,vortex_entrainment,promotes,heat_and_OH_transport,GC-0004,PILOT-A016-C01,A016,pilot,author_interpretation,supporting,pilot-ignited gaseous direct injection,LOC-A016-0009,Geometry effects are chamber- and operating-point-specific and include both measured and model-resolved evidence.,indirectly_supported,Source mechanism relation MECH-A016-001; Migrated from the existing Phase 6 candidate evidence card without changing claim meaning.
GME-0002,interaction_angle_2deg,correlates_with,best_tested_combustion_response,GC-0004,PILOT-A016-C02,A016,pilot,direct_observation,supporting,pilot-ignited gaseous direct injection,LOC-A016-0010,Geometry effects are chamber- and operating-point-specific and include both measured and model-resolved evidence.,directly_supported,Source mechanism relation MECH-A016-002; Migrated from the existing Phase 6 candidate evidence card without changing claim meaning.
GME-0003,pilot_product_interaction,author_attributes_to,hydrogen_ignition,GC-0002,PILOT-A020-C01,A020,pilot,author_interpretation,supporting,pilot-ignited gaseous direct injection,LOC-A020-0008,"Evidence spans RCEM, vessel, engine, and CFD configurations; overlap metrics and ambient reactivity are not uniform.",indirectly_supported,Source mechanism relation MECH-A020-001; Migrated from the existing Phase 6 candidate evidence card without changing claim meaning.
GME-0004,ignition_after_hydrogen_EOI,correlates_with,slower_propagation_and_lean_unburned_zones,GC-0038,PILOT-A020-C02,A020,pilot,direct_observation,strong,A-library source condition,LOC-A020-0009,Depends on the tested injection duration and ambient state.,directly_supported,Source mechanism relation MECH-A020-002; Migrated from the existing Phase 6 candidate evidence card without changing claim meaning.
GME-0005,greater_jet_overlap,correlates_with,shorter_ignition_transition,GC-0002,PILOT-A022-C01,A022,pilot,direct_observation,strong,pilot-ignited gaseous direct injection,LOC-A022-0008,"Evidence spans RCEM, vessel, engine, and CFD configurations; overlap metrics and ambient reactivity are not uniform.",directly_supported,Source mechanism relation MECH-A022-001; Migrated from the existing Phase 6 candidate evidence card without changing claim meaning.
GME-0006,ambient_pressure_at_fixed_NPR,modifies,starting_transient_timing,GC-0010,PILOT-B011-C01,B011,pilot,direct_observation,supporting,underexpanded hydrogen and methane jets,LOC-B011-0007,Fixed-NPR and fixed-injection-pressure comparisons are not interchangeable; gas species and chamber states vary.,directly_supported,Source mechanism relation MECH-B011-001; Migrated from the existing Phase 6 candidate evidence card without changing claim meaning.
GME-0007,gas_species,modifies,tip_vortex_mixing,GC-0008,PILOT-B011-C02,B011,pilot,author_interpretation,supporting,"underexpanded hydrogen, methane, and nitrogen jets",LOC-B011-0007,"Species effects remain coupled to nozzle-exit turbulence, density, thermodynamics, and numerical treatment.",indirectly_supported,Source mechanism relation MECH-B011-002; Migrated from the existing Phase 6 candidate evidence card without changing claim meaning.
GME-0008,Mach_disk_formation,precedes,stabilized_position,GC-0007,PILOT-B013-C01,B013,pilot,direct_observation,supporting,transient high-pressure gas injection,LOC-B013-0006,"Transient histories, injector types, and chamber-pressure ranges differ; a scalar NPR cannot represent every case.",directly_supported,Source mechanism relation MECH-B013-001; Migrated from the existing Phase 6 candidate evidence card without changing claim meaning.
GME-0009,injector_pressure_history,modifies,Mach_disk_evolution,GC-0007,PILOT-B029-C01,B029,pilot,direct_observation,supporting,transient high-pressure gas injection,LOC-B029-0008,"Transient histories, injector types, and chamber-pressure ranges differ; a scalar NPR cannot represent every case.",directly_supported,Source mechanism relation MECH-B029-001; Migrated from the existing Phase 6 candidate evidence card without changing claim meaning.
GME-0010,post_shock_Mach_at_similar_We,modifies,breakup_morphology_and_timing,GC-0017,PILOT-C014-C01,C014,pilot,direct_observation,strong,post-shock and supersonic-flow droplet loading,LOC-C014-0003,"Incident-shock Mach, post-shock freestream Mach, velocity and density references, and loading histories must remain distinct.",directly_supported,Source mechanism relation MECH-C014-001; Migrated from the existing Phase 6 candidate evidence card without changing claim meaning.
GME-0011,post_shock_freestream_Mach,other,We_reference_velocity_and_density,GC-0017,PILOT-C014-C02,C014,pilot,direct_observation,strong,post-shock and supersonic-flow droplet loading,LOC-C014-0004,"Incident-shock Mach, post-shock freestream Mach, velocity and density references, and loading histories must remain distinct.",directly_supported,Source mechanism relation MECH-C014-002; Migrated from the existing Phase 6 candidate evidence card without changing claim meaning.
GME-0012,early_wave_dynamics,precedes,airflow_driven_breakup,GC-0016,PILOT-C016-C01,C016,pilot,author_interpretation,supporting,canonical shock-droplet and short-pulse loading,LOC-C016-0005,"Shock-front passage, shocked-state exposure, expansion-wave-limited loading, and total forcing are not equivalent intervals.",indirectly_supported,Source mechanism relation MECH-C016-001; Migrated from the existing Phase 6 candidate evidence card without changing claim meaning.
GME-0013,droplet_size_and_We,correlates_with,RTP_or_SIE_regime,GC-0039,PILOT-C016-C02,C016,pilot,direct_observation,strong,C-library source condition,LOC-C016-0004,Mode boundaries depend on the tested droplet sizes and shock conditions.,directly_supported,Source mechanism relation MECH-C016-002; Migrated from the existing Phase 6 candidate evidence card without changing claim meaning.
GME-0014,evaporative_vapor_layer,suppresses,KH_wave_growth,GC-0025,PILOT-C031-C01,C031,pilot,author_interpretation,supporting,modelled shock/aerodynamic droplet phase change,LOC-C031-0008,"Evidence is model-resolved and phase-change coefficients, thermal states, and liquids vary.",indirectly_supported,Source mechanism relation MECH-C031-001; Migrated from the existing Phase 6 candidate evidence card without changing claim meaning.
GME-0015,incident_shock_Mach,modifies,net_phase_change_direction,GC-0025,PILOT-C031-C02,C031,pilot,direct_observation,supporting,modelled shock/aerodynamic droplet phase change,LOC-C031-0009,"Evidence is model-resolved and phase-change coefficients, thermal states, and liquids vary.",directly_supported,Source mechanism relation MECH-C031-002; Migrated from the existing Phase 6 candidate evidence card without changing claim meaning.
GME-0016,expansion_wave,suppresses,effective_shocked_state_duration,GC-0016,PILOT-D003-C01,D003,pilot,model_based,supporting,canonical shock-droplet and short-pulse loading,LOC-D003-0006,"Shock-front passage, shocked-state exposure, expansion-wave-limited loading, and total forcing are not equivalent intervals.",indirectly_supported,Source mechanism relation MECH-D003-001; Migrated from the existing Phase 6 candidate evidence card without changing claim meaning.
GME-0017,droplet_size_relative_to_forcing,modifies,droplet_response,GC-0016,PILOT-D003-C02,D003,pilot,direct_observation,supporting,canonical shock-droplet and short-pulse loading,LOC-D003-0007,"Shock-front passage, shocked-state exposure, expansion-wave-limited loading, and total forcing are not equivalent intervals.",directly_supported,Source mechanism relation MECH-D003-002; Migrated from the existing Phase 6 candidate evidence card without changing claim meaning.
GME-0018,evaporation_length,other,detonation_characteristic_length_ratio,GC-0032,PILOT-D009-C01,D009,pilot,direct_observation,supporting,liquid-fuel rotating-detonation simulations and experiments,LOC-D009-0008,"Fuel, chemistry, geometry, pre-vaporized fraction, scale definitions, and wave number vary; this is not direct HPDI-engine evidence.",directly_supported,Source mechanism relation MECH-D009-001; Migrated from the existing Phase 6 candidate evidence card without changing claim meaning.
GME-0019,increasing_scale_ratio,correlates_with,shock_flame_decoupling,GC-0032,PILOT-D009-C02,D009,pilot,direct_observation,supporting,liquid-fuel rotating-detonation simulations and experiments,LOC-D009-0009,"Fuel, chemistry, geometry, pre-vaporized fraction, scale definitions, and wave number vary; this is not direct HPDI-engine evidence.",directly_supported,Source mechanism relation MECH-D009-002; Migrated from the existing Phase 6 candidate evidence card without changing claim meaning.
GME-0020,breakup,couples_with,evaporation,GC-0024,PILOT-D017-C01,D017,pilot,model_based,supporting,small-droplet shock and detonation loading,LOC-D017-0007,"Droplet size, liquid, optical detection threshold, and assumed post-wave gas history differ.",indirectly_supported,Source mechanism relation MECH-D017-001; Migrated from the existing Phase 6 candidate evidence card without changing claim meaning.
GME-0021,variable_acceleration,modifies,canonical_breakup_model_transferability,GC-0034,PILOT-D017-C02,D017,pilot,author_interpretation,supporting,water and hydrocarbon droplets under detonation waves,LOC-D017-0008,Detonation and inert-shock post-wave histories differ; correlations remain liquid- and facility-specific.,indirectly_supported,Source mechanism relation MECH-D017-002; Migrated from the existing Phase 6 candidate evidence card without changing claim meaning.
GME-0022,pressure_ratio,correlates_with,Mach_disk_position,GC-0015,T1-B004-C01,B004,tier1,author_interpretation,contextual,reviewed underexpanded-jet literature,LOC-B004-0004,Secondary synthesis across heterogeneous definitions; C004 is unrelated and does not affect this jet-specific limitation.,indirectly_supported,Source mechanism relation MECH-B004-001; Review-secondary synthesis.
GME-0023,near_field_shock_pattern,precedes,far_field_self_similarity,GC-0012,T1-B004-C02,B004,tier1,author_interpretation,contextual,free and high-pressure underexpanded jets,LOC-B004-0008,"Universal decay constants and notional-nozzle choices remain unresolved, especially for supersonic exits.",indirectly_supported,Source mechanism relation MECH-B004-002; Conceptual zone framework.
GME-0024,NPR,correlates_with,Mach_disk_dimensions,GC-0006,T1-B009-C01,B009,tier1,simulation_resolved,moderate,nonreacting underexpanded gas jets,LOC-B009-0007,"Pressure roles, absolute/gauge basis, nozzle geometry, gas species, and state qualifier must be compatible.",directly_supported,Source mechanism relation MECH-B009-001; Case-specific sweep.
GME-0025,Gortler_vortices,author_attributes_to,pre_disk_mixing,GC-0008,T1-B009-C02,B009,tier1,author_interpretation,supporting,"underexpanded hydrogen, methane, and nitrogen jets",LOC-B009-0007,"Species effects remain coupled to nozzle-exit turbulence, density, thermodynamics, and numerical treatment.",indirectly_supported,"Source mechanism relation MECH-B009-002; Author attribution, not promoted to direct causality."
GME-0026,NPR,correlates_with,non_monotonic_penetration,GC-0009,T1-B009-C03,B009,tier1,simulation_resolved,moderate,transient and quasi-steady underexpanded gas jets,LOC-B009-0007,"Nozzle geometry, ambient density, transient stage, and penetration definition prevent a universal monotonic scaling.",directly_supported,Source mechanism relation MECH-B009-003; Geometry-specific.
GME-0027,NPR,promotes,shock_strength_and_entrainment,GC-0009,T1-B028-C01,B028,tier1,simulation_resolved,moderate,transient and quasi-steady underexpanded gas jets,LOC-B028-0009,"Nozzle geometry, ambient density, transient stage, and penetration definition prevent a universal monotonic scaling.",directly_supported,Source mechanism relation MECH-B028-001; Primary factor ranking.
GME-0028,nozzle_hole_diameter,promotes,shear_layer_growth,GC-0011,T1-B028-C02,B028,tier1,experimental_correlation,moderate,single- and multi-jet underexpanded gas injection,LOC-B028-0009,"Diameter, shape, spacing, and pressure ratio were not varied in a common factorial design.",directly_supported,Source mechanism relation MECH-B028-002; Nonlinear saturation noted.
GME-0029,ambient_temperature,promotes,lateral_expansion,GC-0010,T1-B028-C03,B028,tier1,experimental_correlation,moderate,underexpanded hydrogen and methane jets,LOC-B028-0009,Fixed-NPR and fixed-injection-pressure comparisons are not interchangeable; gas species and chamber states vary.,directly_supported,Source mechanism relation MECH-B028-003; Secondary effect.
GME-0030,forcing_scale_compatibility,modifies,droplet_response,GC-0016,T1-C007-C01,C007,tier1,author_interpretation,contextual,canonical shock-droplet and short-pulse loading,LOC-C007-0006,"Shock-front passage, shocked-state exposure, expansion-wave-limited loading, and total forcing are not equivalent intervals.",indirectly_supported,Source mechanism relation MECH-C007-001; Review synthesis.
GME-0031,supersonic_compressibility,suppresses,breakup_intensity,GC-0018,T1-C007-C02,C007,tier1,author_interpretation,contextual,supersonic/post-shock droplet loading,LOC-C007-0005,"The sources address different physical stages, geometries, Weber ranges, and response metrics.",indirectly_supported,Source mechanism relation MECH-C007-002; Secondary evidence.
GME-0032,wave_cascade,precedes,ligament_fragmentation,GC-0019,T1-C007-C03,C007,tier1,author_interpretation,contextual,high-Weber-number aerobreakup,LOC-C007-0006,First and later shedding events can have different Weber sensitivity; broad taxonomy is limited by missing Tier 1 source C004.,indirectly_supported,Source mechanism relation MECH-C007-003; Review mechanism.
GME-0033,reflected_expansion_focus,correlates_with,NPP_location_at_low_n,GC-0020,T1-C018-C01,C018,tier1,simulation_resolved,moderate,shock-droplet interaction including supercritical states,LOC-C018-0006,"Two-dimensional models, omitted cavitation or phase transition, and different wave-speed ratios limit direct transfer.",directly_supported,Source mechanism relation MECH-C018-001; Correlation is not universal at high n.
GME-0034,Mach_stem_motion,modifies,internal_wave_focus,GC-0020,T1-C018-C02,C018,tier1,model_based,supporting,shock-droplet interaction including supercritical states,LOC-C018-0007,"Two-dimensional models, omitted cavitation or phase transition, and different wave-speed ratios limit direct transfer.",indirectly_supported,Source mechanism relation MECH-C018-002; Improved model relation.
GME-0035,four_pressure_effects,couples_with,negative_peak_pressure,GC-0020,T1-C018-C03,C018,tier1,simulation_resolved,moderate,shock-droplet interaction including supercritical states,LOC-C018-0008,"Two-dimensional models, omitted cavitation or phase transition, and different wave-speed ratios limit direct transfer.",directly_supported,Source mechanism relation MECH-C018-003; No single-factor causality claim.
GME-0036,shock_curvature,modifies,droplet_surface_loading_and_ligament_deformation,GC-0042,T1-C019-C01,C019,tier1,simulation_resolved,moderate,C-library source condition,LOC-C019-0008,"Two-dimensional cylindrical droplet; viscosity, capillarity and phase transition omitted.",directly_supported,Source mechanism relation MECH-C019-001; Primary numerical evidence.
GME-0037,external_internal_wave_impingement,promotes,fixed_point_and_KH_inception,GC-0021,T1-C019-C02,C019,tier1,model_based,supporting,shock-driven and continuous-flow aerobreakup,LOC-C019-0007,"Instability labels, forcing histories, geometry, and terminal-regime definitions vary; C004 is missing.",indirectly_supported,Source mechanism relation MECH-C019-002; Author theoretical interpretation.
GME-0038,parent_droplet_size,correlates_with,cloud_survival_time,GC-0024,T1-C024-C01,C024,tier1,direct_observation,strong,small-droplet shock and detonation loading,LOC-C024-0005,"Droplet size, liquid, optical detection threshold, and assumed post-wave gas history differ.",directly_supported,Source mechanism relation MECH-C024-001; Primary experiment.
GME-0039,rapid_acceleration,promotes,RT_growth_and_breakup,GC-0029,T1-C024-C02,C024,tier1,model_based,supporting,shock-driven droplet modelling,LOC-C024-0007,Model comparisons use different validation observables and condition ranges; C004 is missing.,indirectly_supported,Source mechanism relation MECH-C024-002; Author model interpretation.
GME-0040,windward_piercing,promotes,secondary_atomization_mass_transfer,GC-0017,T1-C025-C01,C025,tier1,simulation_resolved,moderate,post-shock and supersonic-flow droplet loading,LOC-C025-0005,"Incident-shock Mach, post-shock freestream Mach, velocity and density references, and loading histories must remain distinct.",directly_supported,Source mechanism relation MECH-C025-001; Primary numerical evidence.
GME-0041,secondary_breakup_cascade,promotes,bimodal_size_distribution,GC-0023,T1-C025-C02,C025,tier1,author_interpretation,moderate,shock-driven secondary breakup,LOC-C025-0004,"Diagnostics, sampling time, and fragment definitions differ and are sparse.",indirectly_supported,Source mechanism relation MECH-C025-002; Distribution interpretation.
GME-0042,lead_droplet_wake_shielding,suppresses,trailing_droplet_breakup_intensity,GC-0022,T1-C035-C01,C035,tier1,direct_observation,strong,ordered multi-droplet shock interaction,LOC-C035-0006,Tandem and parallel configurations produce different mechanisms and cannot share a single critical spacing.,directly_supported,Source mechanism relation MECH-C035-001; Primary experiment.
GME-0043,Weber_number,correlates_with,critical_tandem_spacing,GC-0022,T1-C035-C02,C035,tier1,experimental_correlation,moderate,ordered multi-droplet shock interaction,LOC-C035-0004,Tandem and parallel configurations produce different mechanisms and cannot share a single critical spacing.,directly_supported,Source mechanism relation MECH-C035-002; Endpoint values preserved.
GME-0044,KHI_mass_stripping,precedes,KHI_RTI_piercing_catastrophic_breakup,GC-0034,T1-D018-C01,D018,tier1,direct_observation,strong,water and hydrocarbon droplets under detonation waves,LOC-D018-0005,Detonation and inert-shock post-wave histories differ; correlations remain liquid- and facility-specific.,directly_supported,Source mechanism relation MECH-D018-001; Primary experiment.
GME-0045,adverse_post_detonation_pressure_gradient,suppresses,droplet_acceleration_and_cross_stream_growth,GC-0035,T1-D018-C02,D018,tier1,author_interpretation,supporting,matched-leading-Mach detonation and inert-shock comparisons,LOC-D018-0006,Post-wave thermochemistry and adverse pressure gradients prevent direct transfer of shock-derived correlations.,indirectly_supported,Source mechanism relation MECH-D018-002; Author interpretation informed by ZND calculation.
GME-0046,surface_tension,modifies,nondimensional_breakup_time,GC-0034,T1-D018-C03,D018,tier1,experimental_correlation,moderate,water and hydrocarbon droplets under detonation waves,LOC-D018-0008,Detonation and inert-shock post-wave histories differ; correlations remain liquid- and facility-specific.,directly_supported,Source mechanism relation MECH-D018-003; Water/RP-3 comparison.
GME-0047,diesel_pilot_energy,promotes,initial_H2_reaction_intensity,GC-0040,T1-A026-C01,A026,tier1,direct_observation,strong,A-library source condition,LOC-A026-0004,Natural-luminosity thresholds and two imaging arrangements limit quantitative cross-sweep intensity comparison.,directly_supported,Source mechanism relation MECH-A026-001; Primary optical-engine evidence.
GME-0048,advanced_H2_SOI,promotes,premixed_H2_fraction,GC-0041,T1-A026-C02,A026,tier1,experimental_correlation,moderate,A-library source condition,LOC-A026-0005,Fuel distributions before ignition were not directly visualized; dilution is author interpretation.,directly_supported,Source mechanism relation MECH-A026-002; Timing sweep.
GME-0049,H2_pilot_preignition_overlap,author_attributes_to,longer_diesel_ignition_delay,GC-0041,T1-A026-C02,A026,tier1,author_interpretation,moderate,A-library source condition,LOC-A026-0005,Fuel distributions before ignition were not directly visualized; dilution is author interpretation.,indirectly_supported,Source mechanism relation MECH-A026-003; Dilution mechanism remains qualified.
GME-0050,nozzle_geometry_and_pressure_definition,modifies,Mach_disk_model_validity,GC-0013,T1-A028-C01,A028,tier1,author_interpretation,contextual,high-pressure gas-jet simulation,LOC-A028-0004,"Model sensitivity is not a universal ranking of RANS, LES, DNS, or equations of state.",indirectly_supported,Source mechanism relation MECH-A028-001; Review-secondary.
GME-0051,numerical_fidelity,correlates_with,computational_cost,GC-0013,T1-A028-C02,A028,tier1,author_interpretation,contextual,high-pressure gas-jet simulation,LOC-A028-0003,"Model sensitivity is not a universal ranking of RANS, LES, DNS, or equations of state.",indirectly_supported,Source mechanism relation MECH-A028-002; Review-secondary.
GME-0052,two_fuel_injection_control,modifies,mixture_reactivity_stratification,GC-0005,T1-A029-C01,A029,tier1,author_interpretation,contextual,cross-fuel dual-fuel direct injection literature,LOC-A029-0003,This claim is review-secondary and does not substitute for primary confirmation under a single standardized condition set.,indirectly_supported,Source mechanism relation MECH-A029-001; Review-secondary.
GME-0053,oxygen_and_injection_sequence,modifies,pilot_H2_ignition_interaction,GC-0005,T1-A029-C02,A029,tier1,author_interpretation,contextual,cross-fuel dual-fuel direct injection literature,LOC-A029-0002,This claim is review-secondary and does not substitute for primary confirmation under a single standardized condition set.,indirectly_supported,Source mechanism relation MECH-A029-002; Review-secondary.
GME-0054,relative_injection_duration,modifies,pilot_product_entrainment_and_flame_stabilization,GC-0004,T1-A030-C02,A030,tier1,author_interpretation,contextual,pilot-ignited gaseous direct injection,LOC-A030-0002,Geometry effects are chamber- and operating-point-specific and include both measured and model-resolved evidence.,indirectly_supported,Source mechanism relation MECH-A030-001; Review-secondary.
GME-0055,jet_convergence,correlates_with,ignition_delay_and_reaction_front_transfer,GC-0004,T1-A030-C02,A030,tier1,author_interpretation,contextual,pilot-ignited gaseous direct injection,LOC-A030-0005,Geometry effects are chamber- and operating-point-specific and include both measured and model-resolved evidence.,indirectly_supported,Source mechanism relation MECH-A030-002; Review-secondary; not universal causality.
GME-0056,ambient_temperature_and_oxygen,modifies,ignition_and_flame_stabilization,GC-0001,T1-A030-C01,A030,tier1,author_interpretation,contextual,"HPDI/H2DDI engine, vessel, and validated-model conditions",LOC-A030-0005,"Direction and optimum depend on injection sequence, dwell definition, ambient state, fuel pair, and engine geometry.",indirectly_supported,Source mechanism relation MECH-A030-003; Review-secondary.
GME-0057,jet_overlap,suppresses,pilot_ignition,GC-0002,T1-A007-C01,A007,tier1,direct_observation,moderate,pilot-ignited gaseous direct injection,LOC-A007-0005,"Evidence spans RCEM, vessel, engine, and CFD configurations; overlap metrics and ambient reactivity are not uniform.",directly_supported,Source mechanism relation MECH-A007-001; Observed operability/ignition-delay relation.
GME-0058,pilot_gas_overlap,promotes,gas_ignition,GC-0002,T1-A007-C01,A007,tier1,experimental_correlation,moderate,pilot-ignited gaseous direct injection,LOC-A007-0005,"Evidence spans RCEM, vessel, engine, and CFD configurations; overlap metrics and ambient reactivity are not uniform.",directly_supported,Source mechanism relation MECH-A007-002; Opposing pilot/gas response.
GME-0059,gas_ignition_timing,correlates_with,heat_release_shape,GC-0001,T1-A007-C02,A007,tier1,experimental_correlation,moderate,"HPDI/H2DDI engine, vessel, and validated-model conditions",LOC-A007-0006,"Direction and optimum depend on injection sequence, dwell definition, ambient state, fuel pair, and engine geometry.",directly_supported,Source mechanism relation MECH-A007-003; Premixing descriptor.
GME-0060,contextual_NPR,correlates_with,Mach_disk_size_and_position,GC-0006,T1-B021-C01,B021,tier1,simulation_resolved,moderate,nonreacting underexpanded gas jets,LOC-B021-0004,"Pressure roles, absolute/gauge basis, nozzle geometry, gas species, and state qualifier must be compatible.",directly_supported,Source mechanism relation MECH-B021-001; Nozzle/configuration specific.
GME-0061,ambient_temperature,promotes,hydrogen_diffusion,GC-0010,T1-B021-C03,B021,tier1,simulation_resolved,moderate,underexpanded hydrogen and methane jets,LOC-B021-0007,Fixed-NPR and fixed-injection-pressure comparisons are not interchangeable; gas species and chamber states vary.,directly_supported,Source mechanism relation MECH-B021-002; Soret-enabled transport model.
GME-0062,interjet_expansion_waves,author_attributes_to,jet_coalescence_tendency,GC-0010,T1-B021-C03,B021,tier1,author_interpretation,moderate,underexpanded hydrogen and methane jets,LOC-B021-0008,Fixed-NPR and fixed-injection-pressure comparisons are not interchangeable; gas species and chamber states vary.,indirectly_supported,Source mechanism relation MECH-B021-003; Preliminary mechanism.
GME-0063,transcritical_thermodynamic_state,modifies,refracted_shock_topology,GC-0020,T1-C029-C01,C029,tier1,simulation_resolved,moderate,shock-droplet interaction including supercritical states,LOC-C029-0006,"Two-dimensional models, omitted cavitation or phase transition, and different wave-speed ratios limit direct transfer.",directly_supported,Source mechanism relation MECH-C029-001; Mediated by speed-of-sound ratio.
GME-0064,shock_convergence,promotes,focal_pressure_and_axial_jet,GC-0020,T1-C029-C02,C029,tier1,simulation_resolved,moderate,shock-droplet interaction including supercritical states,LOC-C029-0008,"Two-dimensional models, omitted cavitation or phase transition, and different wave-speed ratios limit direct transfer.",directly_supported,Source mechanism relation MECH-C029-002; Strong convergence.
GME-0065,shock_strength,modifies,circulation_and_deformation,GC-0020,T1-C029-C03,C029,tier1,simulation_resolved,moderate,shock-droplet interaction including supercritical states,LOC-C029-0009,"Two-dimensional models, omitted cavitation or phase transition, and different wave-speed ratios limit direct transfer.",directly_supported,Source mechanism relation MECH-C029-003; Fixed n=1.8.
GME-0066,reaction_heat_release,promotes,reflected_shock_speed,GC-0035,T1-D019-C01,D019,tier1,model_based,supporting,matched-leading-Mach detonation and inert-shock comparisons,LOC-D019-0006,Post-wave thermochemistry and adverse pressure gradients prevent direct transfer of shock-derived correlations.,indirectly_supported,Source mechanism relation MECH-D019-001; Postwave state mediation.
GME-0067,shorter_low_pressure_persistence,promotes,earlier_cavitation_collapse,GC-0035,T1-D019-C02,D019,tier1,simulation_resolved,moderate,matched-leading-Mach detonation and inert-shock comparisons,LOC-D019-0007,Post-wave thermochemistry and adverse pressure gradients prevent direct transfer of shock-derived correlations.,directly_supported,Source mechanism relation MECH-D019-002; Detonation vs inert shock.
GME-0068,postwave_velocity,modifies,breakup_morphology,GC-0035,T1-D019-C03,D019,tier1,simulation_resolved,moderate,matched-leading-Mach detonation and inert-shock comparisons,LOC-D019-0008,Post-wave thermochemistry and adverse pressure gradients prevent direct transfer of shock-derived correlations.,directly_supported,Source mechanism relation MECH-D019-003; Project transfer inference remains separate.
GME-0069,injection_timing_or_sequence,correlates_with,mixing_and_ignition,GC-0044,T2-A013-C01,A013,tier2,author_interpretation,supporting,A-library source condition,LOC-A013-0002,Claim is a paper-level candidate localized to the canonical PDF; cross-paper adjudication and final evidence verification remain pending.,indirectly_supported,Source mechanism relation MECH-A013-001; Candidate Tier 2 mechanism edge; causal strength is not upgraded beyond the source sentence.
GME-0070,injection_timing_or_sequence,correlates_with,mixing_and_ignition,GC-0045,T2-A014-C01,A014,tier2,author_interpretation,supporting,A-library source condition,LOC-A014-0002,Claim is a paper-level candidate localized to the canonical PDF; cross-paper adjudication and final evidence verification remain pending.,indirectly_supported,Source mechanism relation MECH-A014-001; Candidate Tier 2 mechanism edge; causal strength is not upgraded beyond the source sentence.
GME-0071,injection_timing_or_sequence,correlates_with,mixing_and_ignition,GC-0002,T2-A014-C02,A014,tier2,author_interpretation,supporting,pilot-ignited gaseous direct injection,LOC-A014-0002,"Evidence spans RCEM, vessel, engine, and CFD configurations; overlap metrics and ambient reactivity are not uniform.",indirectly_supported,Source mechanism relation MECH-A014-002; Candidate Tier 2 mechanism edge; causal strength is not upgraded beyond the source sentence.
GME-0072,injection_timing_or_sequence,correlates_with,mixing_and_ignition,GC-0002,T2-A014-C03,A014,tier2,author_interpretation,supporting,pilot-ignited gaseous direct injection,LOC-A014-0002,"Evidence spans RCEM, vessel, engine, and CFD configurations; overlap metrics and ambient reactivity are not uniform.",indirectly_supported,Source mechanism relation MECH-A014-003; Candidate Tier 2 mechanism edge; causal strength is not upgraded beyond the source sentence.
GME-0073,injection_timing_or_sequence,correlates_with,mixing_and_ignition,GC-0046,T2-A018-C01,A018,tier2,author_interpretation,supporting,A-library source condition,LOC-A018-0002,Claim is a paper-level candidate localized to the canonical PDF; cross-paper adjudication and final evidence verification remain pending.,indirectly_supported,Source mechanism relation MECH-A018-001; Candidate Tier 2 mechanism edge; causal strength is not upgraded beyond the source sentence.
GME-0074,injection_timing_or_sequence,correlates_with,mixing_and_ignition,GC-0001,T2-A018-C02,A018,tier2,direct_observation,strong,"HPDI/H2DDI engine, vessel, and validated-model conditions",LOC-A018-0002,"Direction and optimum depend on injection sequence, dwell definition, ambient state, fuel pair, and engine geometry.",directly_supported,Source mechanism relation MECH-A018-002; Candidate Tier 2 mechanism edge; causal strength is not upgraded beyond the source sentence.
GME-0075,injection_timing_or_sequence,correlates_with,mixing_and_ignition,GC-0001,T2-A018-C03,A018,tier2,author_interpretation,supporting,"HPDI/H2DDI engine, vessel, and validated-model conditions",LOC-A018-0002,"Direction and optimum depend on injection sequence, dwell definition, ambient state, fuel pair, and engine geometry.",indirectly_supported,Source mechanism relation MECH-A018-003; Candidate Tier 2 mechanism edge; causal strength is not upgraded beyond the source sentence.
GME-0076,injection_timing_or_sequence,correlates_with,mixing_and_ignition,GC-0047,T2-A021-C01,A021,tier2,author_interpretation,supporting,A-library source condition,LOC-A021-0002,Claim is a paper-level candidate localized to the canonical PDF; cross-paper adjudication and final evidence verification remain pending.,indirectly_supported,Source mechanism relation MECH-A021-001; Candidate Tier 2 mechanism edge; causal strength is not upgraded beyond the source sentence.
GME-0077,injection_timing_or_sequence,correlates_with,mixing_and_ignition,GC-0048,T2-A021-C02,A021,tier2,author_interpretation,supporting,A-library source condition,LOC-A021-0002,Claim is a paper-level candidate localized to the canonical PDF; cross-paper adjudication and final evidence verification remain pending.,indirectly_supported,Source mechanism relation MECH-A021-002; Candidate Tier 2 mechanism edge; causal strength is not upgraded beyond the source sentence.
GME-0078,injection_timing_or_sequence,correlates_with,mixing_and_ignition,GC-0049,T2-A024-C02,A024,tier2,model_based,supporting,A-library source condition,LOC-A024-0002,Claim is a paper-level candidate localized to the canonical PDF; cross-paper adjudication and final evidence verification remain pending.,indirectly_supported,Source mechanism relation MECH-A024-002; Candidate Tier 2 mechanism edge; causal strength is not upgraded beyond the source sentence.
GME-0079,injection_timing_or_sequence,correlates_with,mixing_and_ignition,GC-0001,T2-A025-C01,A025,tier2,author_interpretation,supporting,"HPDI/H2DDI engine, vessel, and validated-model conditions",LOC-A025-0002,"Direction and optimum depend on injection sequence, dwell definition, ambient state, fuel pair, and engine geometry.",indirectly_supported,Source mechanism relation MECH-A025-001; Candidate Tier 2 mechanism edge; causal strength is not upgraded beyond the source sentence.
GME-0080,pressure_release_condition,correlates_with,jet_and_shock_structure,GC-0006,T2-B003-C01,B003,tier2,simulation_resolved,moderate,nonreacting underexpanded gas jets,LOC-B003-0002,"Pressure roles, absolute/gauge basis, nozzle geometry, gas species, and state qualifier must be compatible.",directly_supported,Source mechanism relation MECH-B003-001; Candidate Tier 2 mechanism edge; causal strength is not upgraded beyond the source sentence.
GME-0081,pressure_release_condition,correlates_with,jet_and_shock_structure,GC-0009,T2-B003-C03,B003,tier2,model_based,supporting,transient and quasi-steady underexpanded gas jets,LOC-B003-0002,"Nozzle geometry, ambient density, transient stage, and penetration definition prevent a universal monotonic scaling.",indirectly_supported,Source mechanism relation MECH-B003-003; Candidate Tier 2 mechanism edge; causal strength is not upgraded beyond the source sentence.
GME-0082,pressure_release_condition,correlates_with,jet_and_shock_structure,GC-0050,T2-B007-C03,B007,tier2,author_interpretation,supporting,B-library source condition,LOC-B007-0002,Claim is a paper-level candidate localized to the canonical PDF; cross-paper adjudication and final evidence verification remain pending.,indirectly_supported,Source mechanism relation MECH-B007-003; Candidate Tier 2 mechanism edge; causal strength is not upgraded beyond the source sentence.
GME-0083,pressure_release_condition,correlates_with,jet_and_shock_structure,GC-0014,T2-B016-C01,B016,tier2,author_interpretation,supporting,underexpanded high-pressure gas jets,LOC-B016-0002,Evidence is numerical or correlation-based and does not directly measure pilot-spray loading.,indirectly_supported,Source mechanism relation MECH-B016-001; Candidate Tier 2 mechanism edge; causal strength is not upgraded beyond the source sentence.
GME-0084,pressure_release_condition,correlates_with,jet_and_shock_structure,GC-0007,T2-B017-C01,B017,tier2,author_interpretation,supporting,transient high-pressure gas injection,LOC-B017-0002,"Transient histories, injector types, and chamber-pressure ranges differ; a scalar NPR cannot represent every case.",indirectly_supported,Source mechanism relation MECH-B017-001; Candidate Tier 2 mechanism edge; causal strength is not upgraded beyond the source sentence.
GME-0085,pressure_release_condition,correlates_with,jet_and_shock_structure,GC-0007,T2-B017-C02,B017,tier2,author_interpretation,supporting,transient high-pressure gas injection,LOC-B017-0002,"Transient histories, injector types, and chamber-pressure ranges differ; a scalar NPR cannot represent every case.",indirectly_supported,Source mechanism relation MECH-B017-002; Candidate Tier 2 mechanism edge; causal strength is not upgraded beyond the source sentence.
GME-0086,pressure_release_condition,correlates_with,jet_and_shock_structure,GC-0007,T2-B017-C03,B017,tier2,author_interpretation,supporting,transient high-pressure gas injection,LOC-B017-0003,"Transient histories, injector types, and chamber-pressure ranges differ; a scalar NPR cannot represent every case.",indirectly_supported,Source mechanism relation MECH-B017-003; Candidate Tier 2 mechanism edge; causal strength is not upgraded beyond the source sentence.
GME-0087,pressure_release_condition,correlates_with,jet_and_shock_structure,GC-0012,T2-B019-C03,B019,tier2,model_based,supporting,free and high-pressure underexpanded jets,LOC-B019-0003,"Universal decay constants and notional-nozzle choices remain unresolved, especially for supersonic exits.",indirectly_supported,Source mechanism relation MECH-B019-003; Candidate Tier 2 mechanism edge; causal strength is not upgraded beyond the source sentence.
GME-0088,pressure_release_condition,correlates_with,jet_and_shock_structure,GC-0009,T2-B024-C02,B024,tier2,author_interpretation,supporting,transient and quasi-steady underexpanded gas jets,LOC-B024-0002,"Nozzle geometry, ambient density, transient stage, and penetration definition prevent a universal monotonic scaling.",indirectly_supported,Source mechanism relation MECH-B024-002; Candidate Tier 2 mechanism edge; causal strength is not upgraded beyond the source sentence.
GME-0089,pressure_release_condition,correlates_with,jet_and_shock_structure,GC-0009,T2-B024-C03,B024,tier2,author_interpretation,supporting,transient and quasi-steady underexpanded gas jets,LOC-B024-0002,"Nozzle geometry, ambient density, transient stage, and penetration definition prevent a universal monotonic scaling.",indirectly_supported,Source mechanism relation MECH-B024-003; Candidate Tier 2 mechanism edge; causal strength is not upgraded beyond the source sentence.
GME-0090,pressure_release_condition,correlates_with,jet_and_shock_structure,GC-0006,T2-B030-C01,B030,tier2,author_interpretation,supporting,nonreacting underexpanded gas jets,LOC-B030-0002,"Pressure roles, absolute/gauge basis, nozzle geometry, gas species, and state qualifier must be compatible.",indirectly_supported,Source mechanism relation MECH-B030-001; Candidate Tier 2 mechanism edge; causal strength is not upgraded beyond the source sentence.
GME-0091,pressure_release_condition,correlates_with,jet_and_shock_structure,GC-0006,T2-B030-C02,B030,tier2,author_interpretation,supporting,nonreacting underexpanded gas jets,LOC-B030-0002,"Pressure roles, absolute/gauge basis, nozzle geometry, gas species, and state qualifier must be compatible.",indirectly_supported,Source mechanism relation MECH-B030-002; Candidate Tier 2 mechanism edge; causal strength is not upgraded beyond the source sentence.
GME-0092,aerodynamic_or_shock_loading,correlates_with,droplet_deformation_or_breakup,GC-0022,T2-C001-C01,C001,tier2,author_interpretation,supporting,ordered multi-droplet shock interaction,LOC-C001-0002,Tandem and parallel configurations produce different mechanisms and cannot share a single critical spacing.,indirectly_supported,Source mechanism relation MECH-C001-001; Candidate Tier 2 mechanism edge; causal strength is not upgraded beyond the source sentence.
GME-0093,aerodynamic_or_shock_loading,correlates_with,droplet_deformation_or_breakup,GC-0022,T2-C001-C03,C001,tier2,author_interpretation,supporting,ordered multi-droplet shock interaction,LOC-C001-0003,Tandem and parallel configurations produce different mechanisms and cannot share a single critical spacing.,indirectly_supported,Source mechanism relation MECH-C001-003; Candidate Tier 2 mechanism edge; causal strength is not upgraded beyond the source sentence.
GME-0094,aerodynamic_or_shock_loading,correlates_with,droplet_deformation_or_breakup,GC-0030,T2-C002-C01,C002,tier2,author_interpretation,supporting,secondary atomization literature,LOC-C002-0001,Review-secondary and paper-specific definitions; broad coverage is limited by missing Tier 1 source C004.,indirectly_supported,Source mechanism relation MECH-C002-001; Candidate Tier 2 mechanism edge; causal strength is not upgraded beyond the source sentence.
GME-0095,aerodynamic_or_shock_loading,correlates_with,droplet_deformation_or_breakup,GC-0030,T2-C002-C02,C002,tier2,author_interpretation,supporting,secondary atomization literature,LOC-C002-0001,Review-secondary and paper-specific definitions; broad coverage is limited by missing Tier 1 source C004.,indirectly_supported,Source mechanism relation MECH-C002-002; Candidate Tier 2 mechanism edge; causal strength is not upgraded beyond the source sentence.
GME-0096,aerodynamic_or_shock_loading,correlates_with,droplet_deformation_or_breakup,GC-0030,T2-C002-C03,C002,tier2,author_interpretation,supporting,secondary atomization literature,LOC-C002-0001,Review-secondary and paper-specific definitions; broad coverage is limited by missing Tier 1 source C004.,indirectly_supported,Source mechanism relation MECH-C002-003; Candidate Tier 2 mechanism edge; causal strength is not upgraded beyond the source sentence.
GME-0097,aerodynamic_or_shock_loading,correlates_with,droplet_deformation_or_breakup,GC-0029,T2-C006-C01,C006,tier2,author_interpretation,supporting,shock-driven droplet modelling,LOC-C006-0002,Model comparisons use different validation observables and condition ranges; C004 is missing.,indirectly_supported,Source mechanism relation MECH-C006-001; Candidate Tier 2 mechanism edge; causal strength is not upgraded beyond the source sentence.
GME-0098,aerodynamic_or_shock_loading,correlates_with,droplet_deformation_or_breakup,GC-0029,T2-C006-C02,C006,tier2,author_interpretation,supporting,shock-driven droplet modelling,LOC-C006-0003,Model comparisons use different validation observables and condition ranges; C004 is missing.,indirectly_supported,Source mechanism relation MECH-C006-002; Candidate Tier 2 mechanism edge; causal strength is not upgraded beyond the source sentence.
GME-0099,aerodynamic_or_shock_loading,correlates_with,droplet_deformation_or_breakup,GC-0029,T2-C006-C03,C006,tier2,experimental_correlation,moderate,shock-driven droplet modelling,LOC-C006-0003,Model comparisons use different validation observables and condition ranges; C004 is missing.,directly_supported,Source mechanism relation MECH-C006-003; Candidate Tier 2 mechanism edge; causal strength is not upgraded beyond the source sentence.
GME-0100,aerodynamic_or_shock_loading,correlates_with,droplet_deformation_or_breakup,GC-0021,T2-C010-C01,C010,tier2,model_based,supporting,shock-driven and continuous-flow aerobreakup,LOC-C010-0002,"Instability labels, forcing histories, geometry, and terminal-regime definitions vary; C004 is missing.",indirectly_supported,Source mechanism relation MECH-C010-001; Candidate Tier 2 mechanism edge; causal strength is not upgraded beyond the source sentence.
GME-0101,aerodynamic_or_shock_loading,correlates_with,droplet_deformation_or_breakup,GC-0021,T2-C010-C03,C010,tier2,model_based,supporting,shock-driven and continuous-flow aerobreakup,LOC-C010-0002,"Instability labels, forcing histories, geometry, and terminal-regime definitions vary; C004 is missing.",indirectly_supported,Source mechanism relation MECH-C010-003; Candidate Tier 2 mechanism edge; causal strength is not upgraded beyond the source sentence.
GME-0102,aerodynamic_or_shock_loading,correlates_with,droplet_deformation_or_breakup,GC-0021,T2-C015-C02,C015,tier2,author_interpretation,supporting,shock-driven and continuous-flow aerobreakup,LOC-C015-0002,"Instability labels, forcing histories, geometry, and terminal-regime definitions vary; C004 is missing.",indirectly_supported,Source mechanism relation MECH-C015-002; Candidate Tier 2 mechanism edge; causal strength is not upgraded beyond the source sentence.
GME-0103,aerodynamic_or_shock_loading,correlates_with,droplet_deformation_or_breakup,GC-0021,T2-C015-C03,C015,tier2,author_interpretation,supporting,shock-driven and continuous-flow aerobreakup,LOC-C015-0002,"Instability labels, forcing histories, geometry, and terminal-regime definitions vary; C004 is missing.",indirectly_supported,Source mechanism relation MECH-C015-003; Candidate Tier 2 mechanism edge; causal strength is not upgraded beyond the source sentence.
GME-0104,aerodynamic_or_shock_loading,correlates_with,droplet_deformation_or_breakup,GC-0020,T2-C017-C02,C017,tier2,model_based,supporting,shock-droplet interaction including supercritical states,LOC-C017-0002,"Two-dimensional models, omitted cavitation or phase transition, and different wave-speed ratios limit direct transfer.",indirectly_supported,Source mechanism relation MECH-C017-002; Candidate Tier 2 mechanism edge; causal strength is not upgraded beyond the source sentence.
GME-0105,aerodynamic_or_shock_loading,correlates_with,droplet_deformation_or_breakup,GC-0051,T2-C020-C01,C020,tier2,author_interpretation,supporting,C-library source condition,LOC-C020-0002,Claim is a paper-level candidate localized to the canonical PDF; cross-paper adjudication and final evidence verification remain pending.,indirectly_supported,Source mechanism relation MECH-C020-001; Candidate Tier 2 mechanism edge; causal strength is not upgraded beyond the source sentence.
GME-0106,aerodynamic_or_shock_loading,correlates_with,droplet_deformation_or_breakup,GC-0021,T2-C020-C02,C020,tier2,author_interpretation,supporting,shock-driven and continuous-flow aerobreakup,LOC-C020-0002,"Instability labels, forcing histories, geometry, and terminal-regime definitions vary; C004 is missing.",indirectly_supported,Source mechanism relation MECH-C020-002; Candidate Tier 2 mechanism edge; causal strength is not upgraded beyond the source sentence.
GME-0107,aerodynamic_or_shock_loading,correlates_with,droplet_deformation_or_breakup,GC-0021,T2-C020-C03,C020,tier2,author_interpretation,supporting,shock-driven and continuous-flow aerobreakup,LOC-C020-0002,"Instability labels, forcing histories, geometry, and terminal-regime definitions vary; C004 is missing.",indirectly_supported,Source mechanism relation MECH-C020-003; Candidate Tier 2 mechanism edge; causal strength is not upgraded beyond the source sentence.
GME-0108,aerodynamic_or_shock_loading,correlates_with,droplet_deformation_or_breakup,GC-0023,T2-C022-C03,C022,tier2,author_interpretation,supporting,shock-driven secondary breakup,LOC-C022-0002,"Diagnostics, sampling time, and fragment definitions differ and are sparse.",indirectly_supported,Source mechanism relation MECH-C022-003; Candidate Tier 2 mechanism edge; causal strength is not upgraded beyond the source sentence.
GME-0109,aerodynamic_or_shock_loading,correlates_with,droplet_deformation_or_breakup,GC-0030,T2-C023-C02,C023,tier2,model_based,supporting,secondary atomization literature,LOC-C023-0002,Review-secondary and paper-specific definitions; broad coverage is limited by missing Tier 1 source C004.,indirectly_supported,Source mechanism relation MECH-C023-002; Candidate Tier 2 mechanism edge; causal strength is not upgraded beyond the source sentence.
GME-0110,aerodynamic_or_shock_loading,correlates_with,droplet_deformation_or_breakup,GC-0017,T2-C023-C03,C023,tier2,model_based,supporting,post-shock and supersonic-flow droplet loading,LOC-C023-0002,"Incident-shock Mach, post-shock freestream Mach, velocity and density references, and loading histories must remain distinct.",indirectly_supported,Source mechanism relation MECH-C023-003; Candidate Tier 2 mechanism edge; causal strength is not upgraded beyond the source sentence.
GME-0111,aerodynamic_or_shock_loading,correlates_with,droplet_deformation_or_breakup,GC-0027,T2-C026-C02,C026,tier2,direct_observation,strong,experimental high-Weber-number droplets above 100 micrometres,LOC-C026-0002,"The statement is limited to deformation and the reported observation interval, not later breakup or smaller droplets.",directly_supported,Source mechanism relation MECH-C026-002; Candidate Tier 2 mechanism edge; causal strength is not upgraded beyond the source sentence.
GME-0112,vaporization_and_Stefan_flow,modifies,drop_deformation_breakup_and_drag,GC-0025,T2-C030-C02,C030,tier2,author_interpretation,supporting,modelled shock/aerodynamic droplet phase change,LOC-C030-0002,"Evidence is model-resolved and phase-change coefficients, thermal states, and liquids vary.",indirectly_supported,Source mechanism relation MECH-C030-002; Candidate Tier 2 mechanism edge; causal strength is not upgraded beyond the source sentence.
GME-0113,vaporization_and_Stefan_flow,modifies,drop_deformation_breakup_and_drag,GC-0025,T2-C030-C03,C030,tier2,model_based,supporting,modelled shock/aerodynamic droplet phase change,LOC-C030-0002,"Evidence is model-resolved and phase-change coefficients, thermal states, and liquids vary.",indirectly_supported,Source mechanism relation MECH-C030-003; Candidate Tier 2 mechanism edge; causal strength is not upgraded beyond the source sentence.
GME-0114,multidroplet_cloud_interaction,correlates_with,shock_attenuation_and_pressure_history,GC-0028,T2-C033-C01,C033,tier2,direct_observation,strong,planar shock interaction with dilute droplet clouds,LOC-C033-0002,"Cloud statistics, breakup closure, and transmitted-pressure definitions must be aligned.",directly_supported,Source mechanism relation MECH-C033-001; Candidate Tier 2 mechanism edge; causal strength is not upgraded beyond the source sentence.
GME-0115,multidroplet_cloud_interaction,correlates_with,shock_attenuation_and_pressure_history,GC-0028,T2-C033-C02,C033,tier2,author_interpretation,supporting,planar shock interaction with dilute droplet clouds,LOC-C033-0002,"Cloud statistics, breakup closure, and transmitted-pressure definitions must be aligned.",indirectly_supported,Source mechanism relation MECH-C033-002; Candidate Tier 2 mechanism edge; causal strength is not upgraded beyond the source sentence.
GME-0116,multidroplet_cloud_interaction,correlates_with,shock_attenuation_and_pressure_history,GC-0028,T2-C033-C03,C033,tier2,direct_observation,strong,planar shock interaction with dilute droplet clouds,LOC-C033-0002,"Cloud statistics, breakup closure, and transmitted-pressure definitions must be aligned.",directly_supported,Source mechanism relation MECH-C033-003; Candidate Tier 2 mechanism edge; causal strength is not upgraded beyond the source sentence.
GME-0117,multidroplet_cloud_interaction,correlates_with,shock_attenuation_and_pressure_history,GC-0028,T2-C034-C01,C034,tier2,experimental_correlation,moderate,planar shock interaction with dilute droplet clouds,LOC-C034-0002,"Cloud statistics, breakup closure, and transmitted-pressure definitions must be aligned.",directly_supported,Source mechanism relation MECH-C034-001; Candidate Tier 2 mechanism edge; causal strength is not upgraded beyond the source sentence.
GME-0118,multidroplet_cloud_interaction,correlates_with,shock_attenuation_and_pressure_history,GC-0028,T2-C034-C02,C034,tier2,experimental_correlation,moderate,planar shock interaction with dilute droplet clouds,LOC-C034-0002,"Cloud statistics, breakup closure, and transmitted-pressure definitions must be aligned.",directly_supported,Source mechanism relation MECH-C034-002; Candidate Tier 2 mechanism edge; causal strength is not upgraded beyond the source sentence.
GME-0119,droplet_or_evaporation_condition,correlates_with,detonation_wave_response,GC-0036,T2-D002-C01,D002,tier2,author_interpretation,supporting,high-pressure diesel spray and vessel/engine-relevant conditions,LOC-D002-0002,Nozzle-exit velocity is not spray-tip velocity; injector and ambient conditions are highly facility-specific.,indirectly_supported,Source mechanism relation MECH-D002-001; Candidate Tier 2 mechanism edge; causal strength is not upgraded beyond the source sentence.
GME-0120,droplet_or_evaporation_condition,correlates_with,detonation_wave_response,GC-0036,T2-D002-C03,D002,tier2,author_interpretation,supporting,high-pressure diesel spray and vessel/engine-relevant conditions,LOC-D002-0002,Nozzle-exit velocity is not spray-tip velocity; injector and ambient conditions are highly facility-specific.,indirectly_supported,Source mechanism relation MECH-D002-003; Candidate Tier 2 mechanism edge; causal strength is not upgraded beyond the source sentence.
GME-0121,droplet_or_evaporation_condition,correlates_with,detonation_wave_response,GC-0036,T2-D005-C01,D005,tier2,author_interpretation,supporting,high-pressure diesel spray and vessel/engine-relevant conditions,LOC-D005-0002,Nozzle-exit velocity is not spray-tip velocity; injector and ambient conditions are highly facility-specific.,indirectly_supported,Source mechanism relation MECH-D005-001; Candidate Tier 2 mechanism edge; causal strength is not upgraded beyond the source sentence.
GME-0122,droplet_or_evaporation_condition,correlates_with,detonation_wave_response,GC-0036,T2-D005-C02,D005,tier2,author_interpretation,supporting,high-pressure diesel spray and vessel/engine-relevant conditions,LOC-D005-0002,Nozzle-exit velocity is not spray-tip velocity; injector and ambient conditions are highly facility-specific.,indirectly_supported,Source mechanism relation MECH-D005-002; Candidate Tier 2 mechanism edge; causal strength is not upgraded beyond the source sentence.
GME-0123,droplet_or_evaporation_condition,correlates_with,detonation_wave_response,GC-0036,T2-D005-C03,D005,tier2,author_interpretation,supporting,high-pressure diesel spray and vessel/engine-relevant conditions,LOC-D005-0002,Nozzle-exit velocity is not spray-tip velocity; injector and ambient conditions are highly facility-specific.,indirectly_supported,Source mechanism relation MECH-D005-003; Candidate Tier 2 mechanism edge; causal strength is not upgraded beyond the source sentence.
GME-0124,droplet_or_evaporation_condition,correlates_with,detonation_wave_response,GC-0032,T2-D007-C02,D007,tier2,model_based,supporting,liquid-fuel rotating-detonation simulations and experiments,LOC-D007-0002,"Fuel, chemistry, geometry, pre-vaporized fraction, scale definitions, and wave number vary; this is not direct HPDI-engine evidence.",indirectly_supported,Source mechanism relation MECH-D007-002; Candidate Tier 2 mechanism edge; causal strength is not upgraded beyond the source sentence.
GME-0125,droplet_or_evaporation_condition,correlates_with,detonation_wave_response,GC-0032,T2-D010-C02,D010,tier2,model_based,supporting,liquid-fuel rotating-detonation simulations and experiments,LOC-D010-0002,"Fuel, chemistry, geometry, pre-vaporized fraction, scale definitions, and wave number vary; this is not direct HPDI-engine evidence.",indirectly_supported,Source mechanism relation MECH-D010-002; Candidate Tier 2 mechanism edge; causal strength is not upgraded beyond the source sentence.
GME-0126,droplet_or_evaporation_condition,correlates_with,detonation_wave_response,GC-0032,T2-D011-C01,D011,tier2,model_based,supporting,liquid-fuel rotating-detonation simulations and experiments,LOC-D011-0001,"Fuel, chemistry, geometry, pre-vaporized fraction, scale definitions, and wave number vary; this is not direct HPDI-engine evidence.",indirectly_supported,Source mechanism relation MECH-D011-001; Candidate Tier 2 mechanism edge; causal strength is not upgraded beyond the source sentence.
GME-0127,droplet_or_evaporation_condition,correlates_with,detonation_wave_response,GC-0032,T2-D011-C02,D011,tier2,author_interpretation,supporting,liquid-fuel rotating-detonation simulations and experiments,LOC-D011-0001,"Fuel, chemistry, geometry, pre-vaporized fraction, scale definitions, and wave number vary; this is not direct HPDI-engine evidence.",indirectly_supported,Source mechanism relation MECH-D011-002; Candidate Tier 2 mechanism edge; causal strength is not upgraded beyond the source sentence.
GME-0128,droplet_or_evaporation_condition,correlates_with,detonation_wave_response,GC-0032,T2-D013-C01,D013,tier2,model_based,supporting,liquid-fuel rotating-detonation simulations and experiments,LOC-D013-0002,"Fuel, chemistry, geometry, pre-vaporized fraction, scale definitions, and wave number vary; this is not direct HPDI-engine evidence.",indirectly_supported,Source mechanism relation MECH-D013-001; Candidate Tier 2 mechanism edge; causal strength is not upgraded beyond the source sentence.
GME-0129,droplet_or_evaporation_condition,correlates_with,detonation_wave_response,GC-0032,T2-D013-C03,D013,tier2,model_based,supporting,liquid-fuel rotating-detonation simulations and experiments,LOC-D013-0002,"Fuel, chemistry, geometry, pre-vaporized fraction, scale definitions, and wave number vary; this is not direct HPDI-engine evidence.",indirectly_supported,Source mechanism relation MECH-D013-003; Candidate Tier 2 mechanism edge; causal strength is not upgraded beyond the source sentence.
GME-0130,droplet_or_evaporation_condition,correlates_with,detonation_wave_response,GC-0033,T2-D014-C01,D014,tier2,model_based,supporting,modelled two-phase detonation flow,LOC-D014-0002,Single modelling framework and wave-relative coordinate system.,indirectly_supported,Source mechanism relation MECH-D014-001; Candidate Tier 2 mechanism edge; causal strength is not upgraded beyond the source sentence.
GME-0131,droplet_or_evaporation_condition,correlates_with,detonation_wave_response,GC-0033,T2-D014-C02,D014,tier2,model_based,supporting,modelled two-phase detonation flow,LOC-D014-0002,Single modelling framework and wave-relative coordinate system.,indirectly_supported,Source mechanism relation MECH-D014-002; Candidate Tier 2 mechanism edge; causal strength is not upgraded beyond the source sentence.
GME-0132,droplet_or_evaporation_condition,correlates_with,detonation_wave_response,GC-0033,T2-D014-C03,D014,tier2,model_based,supporting,modelled two-phase detonation flow,LOC-D014-0002,Single modelling framework and wave-relative coordinate system.,indirectly_supported,Source mechanism relation MECH-D014-003; Candidate Tier 2 mechanism edge; causal strength is not upgraded beyond the source sentence.
GME-0133,droplet_or_evaporation_condition,correlates_with,detonation_wave_response,GC-0032,T2-D015-C02,D015,tier2,author_interpretation,supporting,liquid-fuel rotating-detonation simulations and experiments,LOC-D015-0003,"Fuel, chemistry, geometry, pre-vaporized fraction, scale definitions, and wave number vary; this is not direct HPDI-engine evidence.",indirectly_supported,Source mechanism relation MECH-D015-002; Candidate Tier 2 mechanism edge; causal strength is not upgraded beyond the source sentence.
GME-0134,droplet_or_evaporation_condition,correlates_with,detonation_wave_response,GC-0032,T2-D015-C03,D015,tier2,author_interpretation,supporting,liquid-fuel rotating-detonation simulations and experiments,LOC-D015-0003,"Fuel, chemistry, geometry, pre-vaporized fraction, scale definitions, and wave number vary; this is not direct HPDI-engine evidence.",indirectly_supported,Source mechanism relation MECH-D015-003; Candidate Tier 2 mechanism edge; causal strength is not upgraded beyond the source sentence.
GME-0135,droplet_or_evaporation_condition,correlates_with,detonation_wave_response,GC-0034,T2-D016-C02,D016,tier2,author_interpretation,supporting,water and hydrocarbon droplets under detonation waves,LOC-D016-0002,Detonation and inert-shock post-wave histories differ; correlations remain liquid- and facility-specific.,indirectly_supported,Source mechanism relation MECH-D016-002; Candidate Tier 2 mechanism edge; causal strength is not upgraded beyond the source sentence.
GME-0136,higher gas-rail pressure,promotes,mixing after injection,GC-0003,T2-A002-C01,A002,tier2,simulation_resolved,moderate,pilot-ignited natural-gas engine conditions,LOC-A002-0002,"Load, engine speed, nozzle flow area, injection timing, and pressure definition limit direct comparison.",directly_supported,Source mechanism relation MECH-A002-001; Mechanistic link is supported by reacting-CFD comparison.
GME-0137,improved mixing,promotes,efficiency and PM benefit,GC-0003,T2-A002-C02,A002,tier2,author_interpretation,strong,pilot-ignited natural-gas engine conditions,LOC-A002-0003,"Load, engine speed, nozzle flow area, injection timing, and pressure definition limit direct comparison.",indirectly_supported,Source mechanism relation MECH-A002-002; Outcome is load-dependent and accompanied by noise/NOx tradeoffs.
GME-0138,paired-hole interaction,promotes,early entrainment,GC-0004,T2-A005-C01,A005,tier2,simulation_resolved,moderate,pilot-ignited gaseous direct injection,LOC-A005-0002,Geometry effects are chamber- and operating-point-specific and include both measured and model-resolved evidence.,directly_supported,Source mechanism relation MECH-A005-001; At equal penetration.
GME-0139,longer residence at 2<phi_g<6,promotes,soot formation and engine-out PM,GC-0004,T2-A005-C02,A005,tier2,author_interpretation,supporting,pilot-ignited gaseous direct injection,LOC-A005-0002,Geometry effects are chamber- and operating-point-specific and include both measured and model-resolved evidence.,indirectly_supported,Source mechanism relation MECH-A005-002; Mechanism reconciles increased entrainment with increased PM.
GME-0140,ambient pressure and temperature,modifies,pilot chemical ignition delay and overlap sensitivity,GC-0002,T2-A009-C01,A009,tier2,direct_observation,strong,pilot-ignited gaseous direct injection,LOC-A009-0002,"Evidence spans RCEM, vessel, engine, and CFD configurations; overlap metrics and ambient reactivity are not uniform.",directly_supported,Source mechanism relation MECH-A009-001; Low reactivity gives adjacent gas more time to disturb pilot mixture formation.
GME-0141,gas ignition timing relative to gas SOI,correlates_with,premixing degree and HRR shape,GC-0001,T2-A009-C02,A009,tier2,experimental_correlation,moderate,"HPDI/H2DDI engine, vessel, and validated-model conditions",LOC-A009-0002,"Direction and optimum depend on injection sequence, dwell definition, ambient state, fuel pair, and engine geometry.",directly_supported,Source mechanism relation MECH-A009-002; Used as a cross-condition organizing variable.
GME-0142,relative injection timing,modifies,premixing degree and combustion regime,GC-0001,T2-A011-C01,A011,tier2,direct_observation,strong,"HPDI/H2DDI engine, vessel, and validated-model conditions",LOC-A011-0002,"Direction and optimum depend on injection sequence, dwell definition, ambient state, fuel pair, and engine geometry.",directly_supported,Source mechanism relation MECH-A011-001; Transition spans non-premixed to flame-propagation regimes.
GME-0143,injection pressure,promotes,mixing-controlled HRR after ignition,GC-0003,T2-A011-C02,A011,tier2,direct_observation,strong,pilot-ignited natural-gas engine conditions,LOC-A011-0002,"Load, engine speed, nozzle flow area, injection timing, and pressure definition limit direct comparison.",directly_supported,Source mechanism relation MECH-A011-002; Separates ignition control from later mixing control.
GME-0144,pilot-derived heat and radicals,promotes,NG ignition,GC-0002,T2-A012-C01,A012,tier2,simulation_resolved,moderate,pilot-ignited gaseous direct injection,LOC-A012-0003,"Evidence spans RCEM, vessel, engine, and CFD configurations; overlap metrics and ambient reactivity are not uniform.",directly_supported,Source mechanism relation MECH-A012-001; Pilot trigger is necessary for the simulated operating point.
GME-0145,H and OH radical concentration,modifies,NG ignition delay,GC-0043,T2-A012-C02,A012,tier2,model_based,supporting,A-library source condition,LOC-A012-0001,Zero-dimensional chemistry isolates kinetics and omits turbulent transport.,indirectly_supported,Source mechanism relation MECH-A012-002; Only conditional within HRM state range.
GME-0146,real-gas EoS,modifies,exit density/velocity/mass flow,GC-0013,T2-B008-C01,B008,tier2,simulation_resolved,moderate,high-pressure gas-jet simulation,LOC-B008-0002,"Model sensitivity is not a universal ranking of RANS, LES, DNS, or equations of state.",directly_supported,Source mechanism relation MECH-B008-001; Largest differences occur in exit state.
GME-0147,changed exit state,modifies,"centerline temperature, pressure, and Mach profiles",GC-0013,T2-B008-C02,B008,tier2,simulation_resolved,moderate,high-pressure gas-jet simulation,LOC-B008-0003,"Model sensitivity is not a universal ranking of RANS, LES, DNS, or equations of state.",directly_supported,Source mechanism relation MECH-B008-002; Mach-disk geometry changes were smaller than field-profile changes.
GME-0148,smaller spacing ratio,promotes,equatorial velocity and shear,GC-0022,T2-C036-C01,C036,tier2,model_based,moderate,ordered multi-droplet shock interaction,LOC-C036-0003,Tandem and parallel configurations produce different mechanisms and cannot share a single critical spacing.,indirectly_supported,Source mechanism relation MECH-C036-001; Potential-flow cylinder-array analogue.
GME-0149,pressure/shear redistribution,modifies,parallel-droplet breakup mode,GC-0022,T2-C036-C02,C036,tier2,experimental_correlation,strong,ordered multi-droplet shock interaction,LOC-C036-0004,Tandem and parallel configurations produce different mechanisms and cannot share a single critical spacing.,directly_supported,Source mechanism relation MECH-C036-002; Low-We bending and high-We channel closure distinguished.
GME-0150,shorter_pilot_to_gas_injection_interval,correlates_with,heat_release_and_combustion_stability,GC-0003,T3-A003-C01,A003,tier3,experimental_correlation,moderate,pilot-ignited natural-gas engine conditions,LOC-A003-0002,"Load, engine speed, nozzle flow area, injection timing, and pressure definition limit direct comparison.",directly_supported,Source mechanism relation MECH-A003-001; Tier 3 supporting relation; final cross-paper adjudication deferred to Phase 10.
GME-0151,natural_gas_pre_injection,promotes,premixing_and_soot_CO_reduction,GC-0001,T3-A010-C01,A010,tier3,model_based,supporting,"HPDI/H2DDI engine, vessel, and validated-model conditions",LOC-A010-0002,"Direction and optimum depend on injection sequence, dwell definition, ambient state, fuel pair, and engine geometry.",indirectly_supported,Source mechanism relation MECH-A010-001; Tier 3 supporting relation; final cross-paper adjudication deferred to Phase 10.
GME-0152,injector_flow_area_and_dispersion,modifies,mixture_formation_and_wall_impingement,GC-0004,T3-A017-C01,A017,tier3,experimental_correlation,moderate,pilot-ignited gaseous direct injection,LOC-A017-0002,Geometry effects are chamber- and operating-point-specific and include both measured and model-resolved evidence.,directly_supported,Source mechanism relation MECH-A017-001; Tier 3 supporting relation; final cross-paper adjudication deferred to Phase 10.
GME-0153,hydrogen_injection_timing,modifies,premixed_vs_mixing_controlled_combustion,GC-0001,T3-A019-C01,A019,tier3,experimental_correlation,moderate,"HPDI/H2DDI engine, vessel, and validated-model conditions",LOC-A019-0002,"Direction and optimum depend on injection sequence, dwell definition, ambient state, fuel pair, and engine geometry.",directly_supported,Source mechanism relation MECH-A019-001; Tier 3 supporting relation; final cross-paper adjudication deferred to Phase 10.
GME-0154,split_hydrogen_injection_timing_and_energy,modifies,hydrogen_stratification_and_combustion_mode,GC-0001,T3-A023-C01,A023,tier3,experimental_correlation,moderate,"HPDI/H2DDI engine, vessel, and validated-model conditions",LOC-A023-0002,"Direction and optimum depend on injection sequence, dwell definition, ambient state, fuel pair, and engine geometry.",directly_supported,Source mechanism relation MECH-A023-001; Tier 3 supporting relation; final cross-paper adjudication deferred to Phase 10.
GME-0155,gas_species_at_matched_NPR,modifies,downstream_shock_structure_and_mixing,GC-0008,T3-B010-C01,B010,tier3,simulation_resolved,moderate,"underexpanded hydrogen, methane, and nitrogen jets",LOC-B010-0002,"Species effects remain coupled to nozzle-exit turbulence, density, thermodynamics, and numerical treatment.",directly_supported,Source mechanism relation MECH-B010-001; Tier 3 supporting relation; final cross-paper adjudication deferred to Phase 10.
GME-0156,injector_valve_opening,precedes,self_similar_jet_development,GC-0007,T3-B014-C01,B014,tier3,direct_observation,strong,transient high-pressure gas injection,LOC-B014-0002,"Transient histories, injector types, and chamber-pressure ranges differ; a scalar NPR cannot represent every case.",directly_supported,Source mechanism relation MECH-B014-001; Tier 3 supporting relation; final cross-paper adjudication deferred to Phase 10.
GME-0157,pressure_ratio_increase,correlates_with,penetration_volume_increase_and_entrainment_decrease,GC-0009,T3-B015-C01,B015,tier3,experimental_correlation,moderate,transient and quasi-steady underexpanded gas jets,LOC-B015-0002,"Nozzle geometry, ambient density, transient stage, and penetration definition prevent a universal monotonic scaling.",directly_supported,Source mechanism relation MECH-B015-001; Tier 3 supporting relation; final cross-paper adjudication deferred to Phase 10.
GME-0158,near_nozzle_shock_structure,suppresses,ambient_air_entrainment,GC-0012,T3-B020-C01,B020,tier3,direct_observation,strong,free and high-pressure underexpanded jets,LOC-B020-0002,"Universal decay constants and notional-nozzle choices remain unresolved, especially for supersonic exits.",directly_supported,Source mechanism relation MECH-B020-001; Tier 3 supporting relation; final cross-paper adjudication deferred to Phase 10.
GME-0159,non_axisymmetric_exit_shape,modifies,shock_topology_axis_switching_and_mixing,GC-0011,T3-B022-C01,B022,tier3,simulation_resolved,moderate,single- and multi-jet underexpanded gas injection,LOC-B022-0002,"Diameter, shape, spacing, and pressure ratio were not varied in a common factorial design.",directly_supported,Source mechanism relation MECH-B022-001; Tier 3 supporting relation; final cross-paper adjudication deferred to Phase 10.
GME-0160,pressure_ratio_increase,promotes,Mach_disk_and_jet_volume_growth,GC-0006,T3-B025-C01,B025,tier3,simulation_resolved,moderate,nonreacting underexpanded gas jets,LOC-B025-0002,"Pressure roles, absolute/gauge basis, nozzle geometry, gas species, and state qualifier must be compatible.",directly_supported,Source mechanism relation MECH-B025-001; Tier 3 supporting relation; final cross-paper adjudication deferred to Phase 10.
GME-0161,hydrogen_baroclinic_torque_and_nozzle_geometry,modifies,turbulent_mixing_outside_jet_core,GC-0014,T3-B027-C01,B027,tier3,simulation_resolved,moderate,underexpanded high-pressure gas jets,LOC-B027-0002,Evidence is numerical or correlation-based and does not directly measure pilot-spray loading.,directly_supported,Source mechanism relation MECH-B027-001; Tier 3 supporting relation; final cross-paper adjudication deferred to Phase 10.
GME-0162,post_shock_sonic_transition,modifies,early_deformation_acceleration_and_drag,GC-0018,T3-C008-C01,C008,tier3,simulation_resolved,moderate,supersonic/post-shock droplet loading,LOC-C008-0002,"The sources address different physical stages, geometries, Weber ranges, and response metrics.",directly_supported,Source mechanism relation MECH-C008-001; Tier 3 supporting relation; final cross-paper adjudication deferred to Phase 10.
GME-0163,Rayleigh_Taylor_instability,promotes,bag_to_multimode_breakup_morphology,GC-0021,T3-C009-C01,C009,tier3,simulation_resolved,moderate,shock-driven and continuous-flow aerobreakup,LOC-C009-0001,"Instability labels, forcing histories, geometry, and terminal-regime definitions vary; C004 is missing.",directly_supported,Source mechanism relation MECH-C009-001; Tier 3 supporting relation; final cross-paper adjudication deferred to Phase 10.
GME-0164,azimuthal_sheet_modes_and_rupture,precedes,recurrent_ligament_shedding,GC-0019,T3-C013-C01,C013,tier3,simulation_resolved,moderate,high-Weber-number aerobreakup,LOC-C013-0001,First and later shedding events can have different Weber sensitivity; broad taxonomy is limited by missing Tier 1 source C004.,directly_supported,Source mechanism relation MECH-C013-001; Tier 3 supporting relation; final cross-paper adjudication deferred to Phase 10.
GME-0165,bow_shock_pressure_rise_and_liquid_volatility,modifies,droplet_superheating_and_vaporization,GC-0031,T3-C027-C01,C027,tier3,author_interpretation,supporting,locally supersonic droplet experiments,LOC-C027-0002,Test liquids and shock pressure rises differ from higher-pressure and engine conditions.,indirectly_supported,Source mechanism relation MECH-C027-001; Tier 3 supporting relation; final cross-paper adjudication deferred to Phase 10.
GME-0166,droplet_heating_and_surface_tension_reduction,promotes,aerodynamic_breakup,GC-0026,T3-C032-C01,C032,tier3,model_based,supporting,modelled n-decane/n-heptane droplets at We 15-90 and 600-1000 K,LOC-C032-0002,Single numerical framework and fuel-property comparison; not directly equivalent to Stefan-flow suppression cases.,indirectly_supported,Source mechanism relation MECH-C032-001; Tier 3 supporting relation; final cross-paper adjudication deferred to Phase 10.
GME-0167,reflected_shock_wave,suppresses,radial_spray_growth_and_air_entrainment,GC-0037,T3-D004-C01,D004,tier3,direct_observation,strong,reflected-shock diesel-spray experiments,LOC-D004-0002,Wave origin and interaction stage differ from injector-generated shock cases.,directly_supported,Source mechanism relation MECH-D004-001; Tier 3 supporting relation; final cross-paper adjudication deferred to Phase 10.
GME-0168,droplet_diameter_and_prevaporized_fraction,modifies,fuel_survival_and_detonation_wave_speed,GC-0032,T3-D006-C01,D006,tier3,model_based,supporting,liquid-fuel rotating-detonation simulations and experiments,LOC-D006-0001,"Fuel, chemistry, geometry, pre-vaporized fraction, scale definitions, and wave number vary; this is not direct HPDI-engine evidence.",indirectly_supported,Source mechanism relation MECH-D006-001; Tier 3 supporting relation; final cross-paper adjudication deferred to Phase 10.
GME-0169,bidisperse_small_droplet_fraction,promotes,rotating_detonation_stability,GC-0032,T3-D008-C01,D008,tier3,model_based,supporting,liquid-fuel rotating-detonation simulations and experiments,LOC-D008-0001,"Fuel, chemistry, geometry, pre-vaporized fraction, scale definitions, and wave number vary; this is not direct HPDI-engine evidence.",indirectly_supported,Source mechanism relation MECH-D008-001; Tier 3 supporting relation; final cross-paper adjudication deferred to Phase 10.
GME-0170,droplet_size_dependent_multistage_evaporation,modifies,reaction_zone_width_and_wave_multiplicity,GC-0032,T3-D012-C01,D012,tier3,model_based,supporting,liquid-fuel rotating-detonation simulations and experiments,LOC-D012-0002,"Fuel, chemistry, geometry, pre-vaporized fraction, scale definitions, and wave number vary; this is not direct HPDI-engine evidence.",indirectly_supported,Source mechanism relation MECH-D012-001; Tier 3 supporting relation; final cross-paper adjudication deferred to Phase 10.
GME-0171,higher gas injection pressure,promotes,mixing-controlled combustion and PM reduction,GC-0003,T3-A001-C01,A001,tier3,author_interpretation,strong,pilot-ignited natural-gas engine conditions,LOC-A001-0002,"Load, engine speed, nozzle flow area, injection timing, and pressure definition limit direct comparison.",indirectly_supported,"Source mechanism relation MECH-A001-001; Strongly conditioned by load, speed, and EGR."
GME-0172,greater premixing before gas ignition,suppresses,rich-zone soot formation,GC-0001,T3-A006-C01,A006,tier3,author_interpretation,strong,"HPDI/H2DDI engine, vessel, and validated-model conditions",LOC-A006-0002,"Direction and optimum depend on injection sequence, dwell definition, ambient state, fuel pair, and engine geometry.",indirectly_supported,Source mechanism relation MECH-A006-001; Optimized point also had cycle-variation/noise drawbacks.
GME-0173,gas jet covering low-temperature pilot ignition region,suppresses,diesel pilot ignition and main-fuel ignition,GC-0002,T3-A008-C01,A008,tier3,simulation_resolved,moderate,pilot-ignited gaseous direct injection,LOC-A008-0003,"Evidence spans RCEM, vessel, engine, and CFD configurations; overlap metrics and ambient reactivity are not uniform.",directly_supported,Source mechanism relation MECH-A008-001; Explains crossing-jet misfire.
GME-0174,exit-to-chamber pressure ratio,correlates_with,external expansion-wave spacing,GC-0009,T3-B006-C01,B006,tier3,experimental_correlation,strong,transient and quasi-steady underexpanded gas jets,LOC-B006-0002,"Nozzle geometry, ambient density, transient stage, and penetration definition prevent a universal monotonic scaling.",directly_supported,Source mechanism relation MECH-B006-001; Wave structure also observed for nitrogen-in-nitrogen control.
GME-0175,higher NPR,promotes,methane-air mixing in the LES metric,GC-0007,T3-B018-C01,B018,tier3,simulation_resolved,strong,transient high-pressure gas injection,LOC-B018-0002,"Transient histories, injector types, and chamber-pressure ranges differ; a scalar NPR cannot represent every case.",directly_supported,Source mechanism relation MECH-B018-001; Mixing conclusion is numerical and metric-specific.
GME-0176,rim force balance,modifies,breakup mode and fragment-size distribution,GC-0021,T3-C005-C01,C005,tier3,simulation_resolved,moderate,shock-driven and continuous-flow aerobreakup,LOC-C005-0003,"Instability labels, forcing histories, geometry, and terminal-regime definitions vary; C004 is missing.",directly_supported,Source mechanism relation MECH-C005-001; Transition band observed in both simulations and experiments.
GME-0177,incident shock strength,modifies,stationary internal saddle-point location,GC-0020,T3-C011-C01,C011,tier3,model_based,supporting,shock-droplet interaction including supercritical states,LOC-C011-0002,"Two-dimensional models, omitted cavitation or phase transition, and different wave-speed ratios limit direct transfer.",indirectly_supported,Source mechanism relation MECH-C011-001; Numerical cases agree with proposed correlation.
GME-0178,ambient temperature/density and rate-of-injection ramp,modifies,whether local spray velocity exceeds sound speed,GC-0036,T3-D001-C01,D001,tier3,author_interpretation,strong,high-pressure diesel spray and vessel/engine-relevant conditions,LOC-D001-0002,Nozzle-exit velocity is not spray-tip velocity; injector and ambient conditions are highly facility-specific.,indirectly_supported,Source mechanism relation MECH-D001-001; Typical near-TDC engine conditions were judged unfavorable for spray shocks.
GME-0179,underexpanded_jet_shock_structure,evidence_gap,actual_HPDI_pilot_spray_local_loading,GC-0052,,,,evidence_gap,insufficient,cross-library B-to-C-to-HPDI transfer,,No direct spatially and temporally resolved HPDI measurement links the gas-jet shock field to pilot-droplet forcing in the current corpus.,evidence_gap_not_retained,No direct source-linked HPDI measurement in the current corpus; represented as a non-retained evidence-gap edge.
GME-0180,shock_induced_breakup,cross_scale_inference,evaporation_and_phase_change,GC-0053,T1-C024-C01,C024,tier1,project_inference,supporting,cross-library C-to-A transfer,LOC-C024-0005,"Canonical droplets, spray clouds, vessel studies, engines, and RDEs use incompatible scales and loading histories.",cross_scale_inference,Direct within canonical small-droplet shock conditions; transfer to HPDI is cross-scale.
GME-0181,evaporation_and_fragment_transport,evidence_gap,HPDI_mixture_formation,GC-0053,,,,evidence_gap,insufficient,cross-library C-to-A transfer,,"Canonical droplets, spray clouds, vessel studies, engines, and RDEs use incompatible scales and loading histories.",evidence_gap_not_retained,Current evidence does not directly close this cross-domain link.
GME-0182,canonical_shock_droplet_physics,evidence_gap,HPDI_application_transfer,GC-0052,,,,evidence_gap,insufficient,cross-library B-to-C-to-HPDI transfer,,No direct spatially and temporally resolved HPDI measurement links the gas-jet shock field to pilot-droplet forcing in the current corpus.,evidence_gap_not_retained,Transfer remains an explicit evidence gap rather than a direct mechanism fact.
